#	Адрес	Текст примечания	axis_2_your	axis_4_your	Примечание
1	Rām. Sundara 5.1.1	О губитель врагов (śatrukarśana) — букв. «иссушающий врагов»; устойчивый эпитет Хануманы в кн. V. Дальнейшие употребления без примечания.			
2	Rām. Sundara 5.1.1	Похищенная Раваной (rāvaṇanītāyāḥ). ***[Е. Костина]*** «rāvaṇanītāyāḥ» Опущено. Здесь и далее буду отмечать незафиксированные опущения, чтобы в дальнейшем можно было отразить их в комментарии.			
3	Rām. Sundara 5.1.1	На тропу небожителей (cāraṇācarite pathi) — букв. «на тропе, по которой ходят чараны». В комментарии «Таттвадипика» поясняется «на дороге богов» (suravartmani). В комментарии «Бхушана» слово cāraṇāḥ объясняется как «божественные певцы» (dēvagāyakāḥ). Голдмены переводят «celestial bards».			
4	Rām. Sundara 5.1.2	Ванара (vānara) — букв. «лесной житель»; обезьяна. Общий термин для обозначения народа Сугривы. В «Тилаке» отмечается, что ванары обладают божественным происхождением.			
5	Rām. Sundara 5.1.2	Могучий (mahābala) — ситуативный эпитет, прилагаемый здесь к Хануману. Букв. «обладающий великой силой».			
6	Rām. Sundara 5.1.2	Стойкий (dhīra) — букв. «твердый», «мудрый». В контексте подготовки к прыжку подчеркивает ментальную концентрацию героя.			
7	Rām. Sundara 5.1.3	Мудрый (dhīmān). ***[Е. Костина]*** «dhīmān» Опущено. Следует ли отмечать все эпитеты мудрости, если они не несут терминологической нагрузки?			
8	Rām. Sundara 5.1.5	Принимающий любой облик (kāmarūpa) — букв. «облик согласно желанию». По «Широмани» поясняется как способность менять размер тела. Голдмены переводят «able to change his form at will».			
9	Rām. Sundara 5.1.6	Лучший меж обезьянами (kapivara) — стандартный эпитет-сравнение (vānaraśreṣṭha). Синонимичен plavaṃgapravara.			
10	Rām. Sundara 5.1.7	Был нагу подобен в озере (hrade nāga ivābabhau) — слово nāga может означать как «наг» (полубожественный змей), так и «слон». Из комментаторов только автор «Широмани» глоссирует это слово как gaja (слон). Большинство западных переводчиков склоняются к варианту «наг» (Goldman 1984: 302).			
11	Rām. Sundara 5.1.9	Лучший из прыгунов (plavaṃgapravara). ***[Е. Костина]*** Здесь возникает вопрос о принципе: нужно ли оговаривать все опущения компонентов имён в ремарках?			
12	Rām. Sundara 5.1.28	Сын бога ветра (mārutātmaja) — пара с vāyuputra; Леонов: «могучий сын бога ветра». Первое вхождение эпитета в кн. V.			
13	Rām. Sundara 5.1.37	Слон среди обезьян (kapikuñjara) — метафора высшего превосходства в группе. Ср. с puruṣarṣabha (бык среди мужей).			
14	Rām. Sundara 5.1.38	Лучший из обезьян (vānaraśreṣṭha). ***[Е. Костина]*** «vānaraśreṣṭha» Опущено. В переводе: «лучший ванара». Следует ли считать это опущением или синонимичным переводом?			
15	Rām. Sundara 5.1.39	Дочь Джанаки (janakātmajā) — см. примеч. к I.1.25 (Гринцер). Первое появление эпитета Ситы в кн. V.			
16	Rām. Sundara 5.1.39	Потомок Рагху (rāghava) — см. примеч. к I.1.1 (Гринцер). Стандартный эпитет Рамы.			
17	Rām. Sundara 5.1.40	Сын Дашаратхи (dāśarathi) — см. примеч. к I.1.8 (Гринцер).			
18	Rām. Sundara 5.1.60	Сын Ваю (vāyuputra). Леонов отмечает, что в V.1.9 используется ātmayoni «рожденный Ваю», однако традиционные комментаторы (Тилака) подчеркивают их идентичность.			
19	Rām. Sundara 5.1.91	Майнака (maināka) — гора, поднявшаяся из океана навстречу Хануману. В «Бхушане» поясняется как сын Гималаев. Эпитет hiraṇyanābha — «золотопупый» (букв. «с золотой пуповиной»).			
20	Rām. Sundara 5.1.100	Майтхили (maithilī) — см. примеч. к I.1.26 (Гринцер).			
21	Rām. Sundara 5.1.143	Сурасса (surasā) — мать нагов (nāgamātā), представленная здесь как препятствие на пути Ханумана. В «Таттвадипике» поясняется её роль как испытательницы силы героя.			
22	Rām. Sundara 5.1.152	Вайдехи (vaidehī) — см. примеч. к I.1.28 (Гринцер).			
23	Rām. Sundara 5.1.166	Марути (māruti) — именное производное от Марут (бог ветра). Стандартное имя Хануманы.			
24	Rām. Sundara 5.1.183	Симхика (siṃhikā) — ракшасини, «ловящая тени» (chāyāgrahin). Поясняется в «Широмани» как обладающая силой притягивать объекты за их тень.			
25	Rām. Sundara 5.1.190	Огромный (mahākāya) — ситуативный эпитет Хануманы при увеличении тела перед прыжком. Букв. «обладающий великим телом».			
26	Rām. Sundara 5.2.24	Ланкини (laṅkā) — персонифицированная стражница города Ланки. В «Тилаке» отмечается её роль как воплощенной мощи Раваны.			
27	Rām. Sundara 5.2.34	Злодей (durātman) — букв. «дурная душа». Применяется к Раване в контексте описания похищения Ситы. Костина помечает: следует ли сохранять экспрессивность оригинала?			
28	Rām. Sundara 5.3.18	Царь ракшасов (rākṣasendra) — в кн. V прилагается к Раване. Позднее (гл. 68) может относиться к Вибхишане.			
29	Rām. Sundara 5.3.45	Страж сада (harīśvara) — редкий термин. В «Таттвадипике» поясняется как почетный титул охранника.			
30	Rām. Sundara 5.4.18	Исхудавшая (kṛśā) — ситуативный эпитет Ситы в плену. Подчеркивает её аскетизм и страдания.			
31	Rām. Sundara 5.6.16	Прахаста (prahasta) — военачальник (senāpati) Раваны. Краткая справка: один из четырех главных советников.			
32	Rām. Sundara 5.7.3	Владыка Ланки (laṅkādhipa) — титул Раваны. Ср. с laṅkeśvara.			
33	Rām. Sundara 5.9.71	Преданная дхарме (dharmapatnī) — букв. «жена по дхарме». Подчеркивает легитимный статус Ситы как супруги Рамы.			
34	Rām. Sundara 5.10.40	Лотосоокий (kamala-locana). В данном контексте применяется к одной из жен Раваны; к самому Раме применяется в финале книги.			
35	Rām. Sundara 5.10.51	Мандодари (mandodarī) — главная жена Раваны. Букв. «стройнобёдрая». В «Тилаке» отмечается её благородство и печаль.			
36	Rām. Sundara 5.11.1	Ашока (aśoka, букв. «беспечальный») — дерево с оранжево-алыми цветами, Saraca indica L. (= Jonesia asoka Roxb.). [Источник: ботанический справочник (файл редактора)]			
37	Rām. Sundara 5.12.4	Сугрива (sugrīva) — царь обезьян, союзник Рамы. См. примеч. к IV.1.1 (Гринцер).			
38	Rām. Sundara 5.13.35	Истощённая постом (upavāsa) — ситуативный эпитет Ситы. В «Бхушане» поясняется как признак её верности и аскетической силы.			
39	Rām. Sundara 5.15.25	Широкоокая (viśālākṣī). ***[Е. Костина]*** «viśālākṣī» Опущено. Обращение Раваны к Сите. Важно ли сохранять этот эпитет для передачи его ложной учтивости?			
40	Rām. Sundara 5.16.17	Знаток дхармы (dharmajña) — эпитет Вибхишаны. Подчеркивает его моральное превосходство над другими советниками Раваны.			
41	Rām. Sundara 5.20.8	Косу одну носящая (ekaveṇī) — знак траура по разлуке; Леонов: «волосы, в косу одну заплетенные». Согласно «Широмани», это символ верности мужу.			
42	Rām. Sundara 5.24.4	Несравненная (anindite) — обращение Хануманы к Сите. Букв. «не заслуживающая порицания».			
43	Rām. Sundara 5.27.3	Триджавата (trijaṭā) — сострадательная (dayāpara) ракшасини, видящая вещий сон о победе Рамы. В «Таттвадипике» поясняется как знаток знамений.			
44	Rām. Sundara 5.31.44	Многомудрый (mahāmati) — эпитет Вибхишаны в сцене его выступления в защиту Хануманы.			
45	Rām. Sundara 5.35.6	Вестник Рамы (rāmadūta) — Хануман официально представляется Сите. Важный юридический и дипломатический статус.			
46	Rām. Sundara 5.41.7	Десятиликий (daśānana) — синоним daśagrīva. Леонов: «Десятиликий Равана».			
47	Rām. Sundara 5.47.1	Акша (akṣa) — царевич (kumāra), сын Раваны, выходящий на бой с Хануманом. В «Тилаке» отмечается его безрассудная храбрость.			
48	Rām. Sundara 5.48.15	Индраджит (indrajit) — имя-эпитет, означающее «победитель Индры». Старший сын Раваны.			
49	Rām. Sundara 5.48.17	Лотосоокий (padmapalāśākṣa) — эпитет Индраджита. Леонов: «блистательный, лотосоокий». Необычный эпитет для грозного воина, подчеркивающий его царственность.			
50	Rām. Sundara 5.50.1	Повелитель обезьян (kapīndra) — титул Хануманы в момент его пленения. Леонов: «сам повелитель обезьян».			