row_id	source	work	locus	locus_id	parva	commentator	term_family	defense_term	deviation_type	deviation_term_sa	classification	agreement_n	agreement_commentators	quote
NIL-001	sanatana.in Nīlakaṇṭha vulgate scrape (Devanāgarī)	Mahābhārata (vulgate, Nīlakaṇṭha recension)	MBh 1.1.50	P01_U01_A001_S050	adiparva	nīlakaṇṭhaḥ	chāndasa	असीत्यत्रासन्धिप्रछान्दसः	absence of sandhi	asandhi	auto	1	nīlakaṇṭhaḥ	्रपाः कर्तन्या इत्यादिस्मृतिमूलभूता धन्वन्निव प्रपा असित्वमग्ने इत्यादयः । हे अग्ने ! त्वं धन्वन् निरुदके प्रदेशे प्रपेवलोकतृप्तिकरोसीति तदर्थः । प्रपा असीत्यत्रासन्धिप्रछान्दसः । इहेति । अनुक्रान्तमनुक्रमेणोक्तं इदमेव यथोक्तं ग्रन्थस्य लक्षणम् । विषयः प्रतिपाद्योऽर्थः ॥५०॥
NIL-002	sanatana.in Nīlakaṇṭha vulgate scrape (Devanāgarī)	Mahābhārata (vulgate, Nīlakaṇṭha recension)	MBh 1.2.10	P01_U02_A002_S010	adiparva	nīlakaṇṭhaḥ	ārṣa	आर्षः	elision — reduplication syllable	abhyāsa-lopa	auto	1	nīlakaṇṭhaḥ	यदिति सार्धेन क्रोधः सर्वे पापायैव हीनबलेषु शस्त्रनिक्षेपादिति भावः ॥ निषिषिधुः निषिद्धवन्तः । अक्षराधिक्यमार्षम् । अभ्यासलोपो वा आर्षः । सिषिधुरिति पाठे शशासुः । हिंसातो विरमस्वेति शिक्षितवन्त इत्यर्थः ॥१०॥
NIL-003	sanatana.in Nīlakaṇṭha vulgate scrape (Devanāgarī)	Mahābhārata (vulgate, Nīlakaṇṭha recension)	MBh 1.3.62	P01_U03_A003_S062	adiparva	nīlakaṇṭhaḥ	chāndasa	नुमभावच्छान्दसः	absence of the num augment	num-abhāva	auto	1	nīlakaṇṭhaḥ	वहितक्रिययाप्युपसर्गाणां सम्बन्धस्मरणात् । तावश्विनौ मा मां मुञ्चतं मोचयन्तम् । अस्माच्चक्रादिति शेषः । किं भूतं मां विषदतं जन्मादिदुःखेन विषादं प्राप्नुवन्तम् । नुमभावच्छान्दसः । ततः कालोचितकर्मकरणोचिताः कालाभिमानिन्यो देवतास्तृप्यन्ति इष्टं फलं च यजमानाय प्रयच्छन्त्यन्यथा विपरीतं कुर्वन्तीति भावः ॥६२॥
NIL-004	sanatana.in Nīlakaṇṭha vulgate scrape (Devanāgarī)	Mahābhārata (vulgate, Nīlakaṇṭha recension)	MBh 1.3.66	P01_U03_A003_S066	adiparva	nīlakaṇṭhaḥ	chāndasa	च्छान्दसो	transfer (vyatyaya)	vyatyaya	auto	1	nīlakaṇṭhaḥ	त्तिवृधीत्यादिना दीर्घः । ऋते विना देवा वागाद्यभिमानिनोऽग्न्यादयः । तत्प्रपदे तेषां वागादिविषयाणां वचनादीनां प्रपदे प्राप्तये न सूते न सुवते न समर्था भवन्ति । सूते इति च्छान्दसो व्यत्ययः । कोह्येवान्यात्कः प्राण्यात् यदेष आकाश आनन्दो न स्यादिति श्रुतेः। न चेतनं प्रवर्तकमृते शकटवदचेतनः । सङ्घातः प्रवर्तत इति भावः । तदेवं नान्योतोस्ति द्रष्टेति च
NIL-005	sanatana.in Nīlakaṇṭha vulgate scrape (Devanāgarī)	Mahābhārata (vulgate, Nīlakaṇṭha recension)	MBh 1.3.67	P01_U03_A003_S067	adiparva	nīlakaṇṭhaḥ	chāndasa	छान्दसं	gender — neuter	klībatva	auto	1	nīlakaṇṭhaḥ	ेतयते नान्यस्ततश्चेतनोस्तीति तद्दूषणपूर्वकं स्वस्य चक्षुः प्रार्थयते । युवानौ मातापितरौ । अन्नात्पुरुष इति श्रुतेः । मुखेनान्नरूपं गर्भं प्रथमं लभेतां ततः एतत् एतं गर्भं छान्दसं क्लीबत्वं पुंसि रेतोरूपेण । योषिति शोणितरूपेण परिणतम् । गतासुरचेतनो देहः प्रपदेन प्रकर्षेण पद्यते सुखमनेनेति प्रपदमुपस्थेन्द्रियम् । सर्वेषामानन्दानामुपस्थ एकायनमिति श्
NIL-006	sanatana.in Nīlakaṇṭha vulgate scrape (Devanāgarī)	Mahābhārata (vulgate, Nīlakaṇṭha recension)	MBh 1.3.142	P01_U03_A003_S142	adiparva	nīlakaṇṭhaḥ	ārṣa	आर्षः	elision — initial segment	ādi-lopa	auto	1	nīlakaṇṭhaḥ	महद्युम्नि सूर्ये तत्समीपे नागमुख्यतां प्रार्थयन् कुरुक्षेत्रेऽवसदिति पूर्वेण सम्बन्धः कुरुक्षेत्रवासमात्रादेव महत्स्थानं प्राप्यत इत्याशयः । द्युमानित्यत्रमनिच आदिलोप ́ आर्षः । अत्रायमाख्यायिकातात्पर्यार्थः । कुण्डलरत्नं वस्तुतत्त्वम् । तक्षकेणेव पाखण्डिना अपहृतं परमेश्वरप्रसादलब्धविवेकवज्रबलेन पाखण्डमतबिलमवदार्य विवेकमनुनागराजबिलतुल्यमान्तर
NIL-007	sanatana.in Nīlakaṇṭha vulgate scrape (Devanāgarī)	Mahābhārata (vulgate, Nīlakaṇṭha recension)	MBh 1.24.11	P01_U05_A024_S011	adiparva	nīlakaṇṭhaḥ	ārṣa	आर्षः	absence of the aṭ augment	aḍ-abhāva	auto	1	nīlakaṇṭhaḥ	सन्तापयत समतापयत । अडभाव आर्षः । तिरोभूत एव सन्नेवं दहत्युदये तु भस्मीकरिष्यति लोकानित्याह तत इत्यादिना ॥११॥
NIL-008	sanatana.in Nīlakaṇṭha vulgate scrape (Devanāgarī)	Mahābhārata (vulgate, Nīlakaṇṭha recension)	MBh 1.32.24	P01_U05_A032_S024	adiparva	nīlakaṇṭhaḥ	ārṣa	आर्षः	absence of the āṭ augment	āḍ-abhāva	hand	1	nīlakaṇṭhaḥ	नवत्याः 'नवती: शताधिकाष्टसाहस्री । नवतीरिति बहुवचनात्साप्यनेकगुणा । ततश्चानन्तर्मुखैरित्यर्थः । नवत्यो नवतीरिति पाठे ङितामाडभाव आर्षः ॥२४॥
NIL-009	sanatana.in Nīlakaṇṭha vulgate scrape (Devanāgarī)	Mahābhārata (vulgate, Nīlakaṇṭha recension)	MBh 1.56.4	P01_U05_A056_S004	adiparva	nīlakaṇṭhaḥ	ārṣa	आर्षः	elision — reduplication syllable	abhyāsa-lopa	auto	1	nīlakaṇṭhaḥ	विद्विषाणः द्वेषं कृतवान् । लिटः कानच् । अभ्यासलोप आर्षः। दिद्विषाण इति वा पाठः ॥४॥
NIL-010	sanatana.in Nīlakaṇṭha vulgate scrape (Devanāgarī)	Mahābhārata (vulgate, Nīlakaṇṭha recension)	MBh 1.74.117	P01_U07_A074_S117	adiparva	nīlakaṇṭhaḥ	ārṣa	आर्षः	absence of an expected elision	lopa-abhāva	auto	1	nīlakaṇṭhaḥ	गृह्णीयामि गृह्णीयाम् इतोलोपाभाव आर्षः ॥११७॥
NIL-011	sanatana.in Nīlakaṇṭha vulgate scrape (Devanāgarī)	Mahābhārata (vulgate, Nīlakaṇṭha recension)	MBh 1.76.38	P01_U07_A076_S038	adiparva	nīlakaṇṭhaḥ	ārṣa	आर्षः	absolutive suffix	ktvā / lyap	auto	1	nīlakaṇṭhaḥ	पेषःपिष्टं पिष्टीकृत्येत्यर्थः । पेषीकृत्वेति समासेऽपि क्त्वोल्यबादेशाभाव आर्षः॥३८॥
NIL-012	sanatana.in Nīlakaṇṭha vulgate scrape (Devanāgarī)	Mahābhārata (vulgate, Nīlakaṇṭha recension)	MBh 1.91.5	P01_U07_A091_S005	adiparva	nīlakaṇṭhaḥ	ārṣa	आर्षः	elision — segment/affix	lopa	auto	1	nīlakaṇṭhaḥ	अनोकशायी शून्यागारदेवालयकुलालशालादौ गृहस्थागारभिन्ने स्थाने शयीत । ओक इति स लोप आर्षः । लघुः परिग्रहशून्यः ॥५॥
NIL-013	sanatana.in Nīlakaṇṭha vulgate scrape (Devanāgarī)	Mahābhārata (vulgate, Nīlakaṇṭha recension)	MBh 1.93.23	P01_U07_A093_S023	adiparva	nīlakaṇṭhaḥ	ārṣa	आर्षः	elision — reduplication syllable	abhyāsa-lopa	auto	1	nīlakaṇṭhaḥ	क्षरति कीर्तनात्' इत्युक्तेरश्रेयसे स्यात् प्रस्थे दत्वा विपिनं ब्राह्मणेभ्य इतिपाठे ब्राह्मणेभ्यो दत्वा विपिनं वनं प्रस्थे प्रतस्थेऽहं प्रस्थानं कृतवानस्मि । अभ्यासलोप आर्षः । मेध्यानश्वान्यदा देवेभ्यः उत्सृजति तदा देवास्तं पुण्यवन्तं भजन्तीत्यर्थः ॥२३॥
NIL-014	sanatana.in Nīlakaṇṭha vulgate scrape (Devanāgarī)	Mahābhārata (vulgate, Nīlakaṇṭha recension)	MBh 1.94.39	P01_U07_A094_S039	adiparva	nīlakaṇṭhaḥ	ārṣa	आर्षः	absence of the aṭ augment	aḍ-abhāva	auto	1	nīlakaṇṭhaḥ	पलायत अडभाव आर्षः ॥३९॥
NIL-015	sanatana.in Nīlakaṇṭha vulgate scrape (Devanāgarī)	Mahābhārata (vulgate, Nīlakaṇṭha recension)	MBh 1.119.15	P01_U07_A119_S015	adiparva	nīlakaṇṭhaḥ	ārṣa	आर्षःविभक्तिलोपो	elision — case ending	vibhakti-lopa	auto	1	nīlakaṇṭhaḥ	वास्यावास्येन काष्ठतक्षणेन । सुपोडादेश आर्षःविभक्तिलोपो वा ॥१५॥
NIL-016	sanatana.in Nīlakaṇṭha vulgate scrape (Devanāgarī)	Mahābhārata (vulgate, Nīlakaṇṭha recension)	MBh 1.120.3	P01_U07_A120_S003	adiparva	nīlakaṇṭhaḥ	ārṣa	आर्षः	absence of the aṭ augment	aḍ-abhāva	auto	1	nīlakaṇṭhaḥ	परिपालयन् अडभाव आर्षः ॥३॥
NIL-017	sanatana.in Nīlakaṇṭha vulgate scrape (Devanāgarī)	Mahābhārata (vulgate, Nīlakaṇṭha recension)	MBh 1.131.51	P01_U07_A131_S051	adiparva	nīlakaṇṭhaḥ	ārṣa	आर्षः	absence of the aṭ augment	aḍ-abhāva	auto	1	nīlakaṇṭhaḥ	दिशः सन्देहयत् दिङ्मोहमजनयत् । अडभाव आर्षः शत्रन्तं वा ॥५१॥
NIL-018	sanatana.in Nīlakaṇṭha vulgate scrape (Devanāgarī)	Mahābhārata (vulgate, Nīlakaṇṭha recension)	MBh 1.155.12	P01_U09_A155_S012	adiparva	nīlakaṇṭhaḥ	ārṣa	आर्ष	iṭ augment	iṭ	auto	1	nīlakaṇṭhaḥ	वहिष्यामि प्रापयिष्यामि आर्ष इट् प्रवक्ष्यामीति पाठेऽपिवहेरेव रूपम् । गतिं गम्यं देशम् ॥१२॥
NIL-019	sanatana.in Nīlakaṇṭha vulgate scrape (Devanāgarī)	Mahābhārata (vulgate, Nīlakaṇṭha recension)	MBh 1.167.31	P01_U11_A167_S031	adiparva	nīlakaṇṭhaḥ	ārṣa	आर्षः	absence of the aṭ augment	aḍ-abhāva	auto	1	nīlakaṇṭhaḥ	येन पुत्रं लभेयं तत्कर्म कुरु । याज्यार्थं द्रुपदस्येष्टसाधनं यागम् उपकल्पयत् मनसा तत्प्रयोगं स्मृतवान् । अडभाव आर्षः ॥३१॥
NIL-020	sanatana.in Nīlakaṇṭha vulgate scrape (Devanāgarī)	Mahābhārata (vulgate, Nīlakaṇṭha recension)	MBh 2.46.13	P02_U09_A046_S013	sabhaparva	nīlakaṇṭhaḥ	ārṣa	आर्षे	elision — segment/affix	lopa	auto	1	nīlakaṇṭhaḥ	कपालिं कपालिनम् । सुपां सुलुगिति आर्षे द्वितीयालोपे सति परमे व्योमन्नित्यादिवत् प्रातिपदिकमात्रं शिष्यते । विभक्तेः स्थानिवत्त्वान्नलोपाभावः तस्य चापदां तस्थत्वादनुस्वारोपि भवतीति । मत्वर्थीयं प्रत्ययान्तरं
NIL-021	sanatana.in Nīlakaṇṭha vulgate scrape (Devanāgarī)	Mahābhārata (vulgate, Nīlakaṇṭha recension)	MBh 2.49.26	P02_U09_A049_S026	sabhaparva	nīlakaṇṭhaḥ	ārṣa	आर्षं	gender — masculine	puṃstva	auto	1	nīlakaṇṭhaḥ	ु अस्मै कांस्यं कांस्यपात्रस्थं कृत्वा आहार्षीत् । अर्थात्सोम एव तथा वारुणं वरुणप्रेषितं दधि प्रसिद्धम् । कलश इव कलशो जलपूर्णत्वात्समुद्रः आहार्षीत् । दधिरिति पुंस्त्वम् आर्षं लेखकप्रमादो वा । अन्ये तु कलशोदधिः समुद्रः मधु अमृतं जलमित्यन्ये अमरस्त्रियो नद्यः वारुणं वरुणसंबन्धीति व्याचक्षते ॥२६॥
NIL-022	sanatana.in Nīlakaṇṭha vulgate scrape (Devanāgarī)	Mahābhārata (vulgate, Nīlakaṇṭha recension)	MBh 2.65.34	P02_U09_A065_S034	sabhaparva	nīlakaṇṭhaḥ	chāndasa	छान्दसस्तृतीयाया	elision	lopa	auto	1	nīlakaṇṭhaḥ	शारदोत्पलसेविन्याः लक्ष्म्याः रूपेण समानया । श्रिया लावण्यसौभाग्यादिरूपया च समानया। श्रीति भिन्नं पदं छान्दसस्तृतीयाया लुक्पूर्वसवर्णो वा ॥३४॥
NIL-023	sanatana.in Nīlakaṇṭha vulgate scrape (Devanāgarī)	Mahābhārata (vulgate, Nīlakaṇṭha recension)	MBh 2.69.10	P02_U09_A069_S010	sabhaparva	nīlakaṇṭhaḥ	ārṣa	आर्षस्तद्धितलुक्	elision — taddhita suffix	taddhita-luk	auto	1	nīlakaṇṭhaḥ	पाण्डूनां पाण्डवानाम् । आर्षस्तद्धितलुक्। पार्षतस्य धृष्टद्युम्नस्य । कथम् इयां प्राप्नुयाम् ॥१०॥
NIL-024	sanatana.in Nīlakaṇṭha vulgate scrape (Devanāgarī)	Mahābhārata (vulgate, Nīlakaṇṭha recension)	MBh 2.81.28	P02_U10_A081_S028	sabhaparva	nīlakaṇṭhaḥ	ārṣa	आर्षः	absence of the aṭ augment	aḍ-abhāva	auto	1	nīlakaṇṭhaḥ	अनुज्ञासिषम् अनुज्ञातवान् । अडभाव आर्षः पाठान्तरे तु सुगमम् ॥२८॥
NIL-025	sanatana.in Nīlakaṇṭha vulgate scrape (Devanāgarī)	Mahābhārata (vulgate, Nīlakaṇṭha recension)	MBh 3.17.16	P03_U03_A017_S016	vanaparva	nīlakaṇṭhaḥ	ārṣa	आर्षः	elision — visarga	visarga-lopa	auto	1	nīlakaṇṭhaḥ	आपततेति विसर्गलोप आर्षः ॥१६॥
NIL-026	sanatana.in Nīlakaṇṭha vulgate scrape (Devanāgarī)	Mahābhārata (vulgate, Nīlakaṇṭha recension)	MBh 3.45.8	P03_U05_A045_S008	vanaparva	nīlakaṇṭhaḥ	ārṣa	आर्षः	elision — case ending	vibhakti-lopa	auto	1	nīlakaṇṭhaḥ	वर्चः शरीरे विद्यैश्वर्यादिजं तेजः तद्वान् वर्चस्वी । तेजः शौर्यं तेन युक्तः । चतुराख्यानपञ्चमान् चतुः चतुःसंख्यान् विभक्तिलोप आर्षः । आख्यानं भारतादि । चतुरप्रियम् आख्यानं चतुराख्यानमिति मध्यमपदलोपेन वा शाकपार्थिवादिवत्समासः ॥८॥
NIL-027	sanatana.in Nīlakaṇṭha vulgate scrape (Devanāgarī)	Mahābhārata (vulgate, Nīlakaṇṭha recension)	MBh 3.59.3	P03_U06_A059_S003	vanaparva	nīlakaṇṭhaḥ	ārṣa	आर्षः	sandhi	sandhi	auto	1	nīlakaṇṭhaḥ	अन्वास्त उपासितवान् । सोस्ते स्मेति पाठे स उपास्ते स्मेत्यर्थः आर्षः संधिः ॥३॥
NIL-028	sanatana.in Nīlakaṇṭha vulgate scrape (Devanāgarī)	Mahābhārata (vulgate, Nīlakaṇṭha recension)	MBh 3.64.114	P03_U06_A064_S114	vanaparva	nīlakaṇṭhaḥ	ārṣa	आर्षः	elision — reduplication syllable	abhyāsa-lopa	auto	1	nīlakaṇṭhaḥ	उपसर्प उपससर्प अभ्यासलोप आर्षः वरारोहा विस्तीर्णजघना ॥११४॥
NIL-029	sanatana.in Nīlakaṇṭha vulgate scrape (Devanāgarī)	Mahābhārata (vulgate, Nīlakaṇṭha recension)	MBh 3.68.14	P03_U06_A068_S014	vanaparva	nīlakaṇṭhaḥ	chāndasa	छान्दसं	feminine ṭāp ending	ṭāb-antatva	auto	1	nīlakaṇṭhaḥ	शुष्कस्रोतां शुष्कप्रवाहाम्। छान्दसं टाबन्तत्वम् ॥१४॥
NIL-030	sanatana.in Nīlakaṇṭha vulgate scrape (Devanāgarī)	Mahābhārata (vulgate, Nīlakaṇṭha recension)	MBh 3.68.34	P03_U06_A068_S034	vanaparva	nīlakaṇṭhaḥ	ārṣa	आर्षः	absence of the causative ṇic	ṇij-abhāva	auto	1	nīlakaṇṭhaḥ	वेद विचारय वेदयतेरिदं रूपं णिजभाव आर्षः ॥३४॥
NIL-031	sanatana.in Nīlakaṇṭha vulgate scrape (Devanāgarī)	Mahābhārata (vulgate, Nīlakaṇṭha recension)	MBh 3.99.60	P03_U07_A099_S060	vanaparva	nīlakaṇṭhaḥ	ārṣa	आर्षं	ru-substitution	rutva	auto	1	nīlakaṇṭhaḥ	चेतोमन्ति चेतनावन्ति । आर्षं पदत्वप्रयुक्तं रुत्वम् । चेतस्वन्तीत्यपेक्षितम् ॥६०॥
NIL-032	sanatana.in Nīlakaṇṭha vulgate scrape (Devanāgarī)	Mahābhārata (vulgate, Nīlakaṇṭha recension)	MBh 3.103.14	P03_U07_A103_S014	vanaparva	nīlakaṇṭhaḥ	ārṣa	आर्षः	absence of the aṭ augment	aḍ-abhāva	auto	1	nīlakaṇṭhaḥ	अभिष्टुवन् अस्तुवन् । अडभाव आर्षः ॥१४॥
NIL-033	sanatana.in Nīlakaṇṭha vulgate scrape (Devanāgarī)	Mahābhārata (vulgate, Nīlakaṇṭha recension)	MBh 3.110.3	P03_U07_A110_S003	vanaparva	nīlakaṇṭhaḥ	ārṣa	आर्षः	absence of the aṭ augment	aḍ-abhāva	auto	1	nīlakaṇṭhaḥ	वाताबद्धा वातेनाबद्धाः मेघाः उपलाश्च भवन् । वातं विनैव सहसा मेघाः शिलाश्च प्रयुज्यन्ते इत्यर्थः। भवन्नित्यडभाव आर्षः । वाचा यत्र भवन्निति पाठे शब्दोच्चारणेनैव यत्र मेधा उपलाश्च हे भवन् भासमान आविर्भवन्तीति शेषः ॥३॥
NIL-034	sanatana.in Nīlakaṇṭha vulgate scrape (Devanāgarī)	Mahābhārata (vulgate, Nīlakaṇṭha recension)	MBh 3.115.37	P03_U07_A115_S037	vanaparva	nīlakaṇṭhaḥ	ārṣa	आर्षः	sandhi	sandhi	auto	1	nīlakaṇṭhaḥ	ते उभे प्रति इत्युक्त्वेतीकारलोपः सन्धिर्वा आर्षः । आलिङ्गने अश्वत्थोदुम्बरयोः ॥३७॥
NIL-035	sanatana.in Nīlakaṇṭha vulgate scrape (Devanāgarī)	Mahābhārata (vulgate, Nīlakaṇṭha recension)	MBh 3.134.6	P03_U07_A134_S006	vanaparva	nīlakaṇṭhaḥ	ārṣa	आर्षः	elision — segment/affix	lopa	auto	1	nīlakaṇṭhaḥ	बन्दिं बन्दिनम् । विभक्त्यलोपे नकारलोप आर्षः ॥६॥
NIL-036	sanatana.in Nīlakaṇṭha vulgate scrape (Devanāgarī)	Mahābhārata (vulgate, Nīlakaṇṭha recension)	MBh 3.142.10	P03_U07_A142_S010	vanaparva	nīlakaṇṭhaḥ	ārṣa	आर्षः	elision — segment/syllable	varṇa-lopa	auto	1	nīlakaṇṭhaḥ	वादत वादयत । अक्षरलोप आर्षः ॥१०॥
NIL-037	sanatana.in Nīlakaṇṭha vulgate scrape (Devanāgarī)	Mahābhārata (vulgate, Nīlakaṇṭha recension)	MBh 3.160.68	P03_U09_A160_S068	vanaparva	nīlakaṇṭhaḥ	chāndasa	छान्दसं	bha-stem treatment	bhatva	auto	1	nīlakaṇṭhaḥ	अयस्मयीं छान्दसं ’भत्वम्’ अयोमयीम् ॥६८॥
NIL-038	sanatana.in Nīlakaṇṭha vulgate scrape (Devanāgarī)	Mahābhārata (vulgate, Nīlakaṇṭha recension)	MBh 3.168.43	P03_U10_A168_S043	vanaparva	nīlakaṇṭhaḥ	ārṣa	आर्षः	absence of expected lengthening	dairghya-abhāva	auto	1	nīlakaṇṭhaḥ	सुरर्षिणामिति दैर्ध्याभाव आर्षः । समाहारबहुत्वं वा बहुसमुदायाभिप्रायेण ॥४३॥
NIL-039	sanatana.in Nīlakaṇṭha vulgate scrape (Devanāgarī)	Mahābhārata (vulgate, Nīlakaṇṭha recension)	MBh 3.175.4	P03_U10_A175_S004	vanaparva	nīlakaṇṭhaḥ	ārṣa	आर्षो	case ending — (a)luk	aluk / luk	auto	1	nīlakaṇṭhaḥ	ादौ चक्रे । अक्षः तयोः सन्धानदारु । शुभाः वेणव इव वेणवो यस्मिन् तत् शुभवेणु । त्रिवेणु - अक्षकूबरयोः सन्धानार्थं त्रिशिखं दारु तद्वन्तम् । 'सुपां सुलुक्-' इति द्वितीयाया आर्षो लुक्। रथपदे वा क्लीबत्वं ध्येयम् ॥४॥
NIL-040	sanatana.in Nīlakaṇṭha vulgate scrape (Devanāgarī)	Mahābhārata (vulgate, Nīlakaṇṭha recension)	MBh 3.209.50	P03_U12_A209_S050	vanaparva	nīlakaṇṭhaḥ	ārṣa	आर्षः	transfer — tense/mood (lakāra)	lakāra-vyatyaya	auto	1	nīlakaṇṭhaḥ	हतेच्छत्वं धर्मस्येति चित्तशुद्ध्या भोगेच्छायां क्षीणायां स्वर्गेऽपि वैराग्यं जायते इत्यर्थः । अतृप्यमाणः प्रीतिमलभमानः। निर्वेदं वैराग्यम् । आपेदे आप्नोति । लकारव्यत्यय आर्षः । दोषं रागद्वेषादिकं नानुरुध्यते तद्वशो न भवतीत्यर्थः ॥५०॥
NIL-041	sanatana.in Nīlakaṇṭha vulgate scrape (Devanāgarī)	Mahābhārata (vulgate, Nīlakaṇṭha recension)	MBh 3.216.1	P03_U12_A216_S001	vanaparva	nīlakaṇṭhaḥ	ārṣa	आर्षः	absence of the aṭ augment	aḍ-abhāva	auto	1	nīlakaṇṭhaḥ	एवमिति । अभिप्रसादयमडभाव आर्षः ॥१॥
NIL-042	sanatana.in Nīlakaṇṭha vulgate scrape (Devanāgarī)	Mahābhārata (vulgate, Nīlakaṇṭha recension)	MBh 3.217.7	P03_U12_A217_S007	vanaparva	nīlakaṇṭhaḥ	ārṣa	आर्षः	absence of the aṭ augment	aḍ-abhāva	auto	1	nīlakaṇṭhaḥ	अङ्गिराऽभवत् सन्धिरडभावो वा आर्षः ॥७॥
NIL-043	sanatana.in Nīlakaṇṭha vulgate scrape (Devanāgarī)	Mahābhārata (vulgate, Nīlakaṇṭha recension)	MBh 3.218.7	P03_U12_A218_S007	vanaparva	nīlakaṇṭhaḥ	ārṣa	आर्षः	final-segment substitution	antādeśa	auto	1	nīlakaṇṭhaḥ	े दृश्यते । पौर्णमास्यां तु क्षीयमाणः । अतो दीप्तिमत्सु दिनेषु एषा महामतीत्युच्यते । यतोऽत्र महत् महस्वान् वा अन्तर्हितो विद्यतेऽस्यामिति योगात् । पूर्वपदस्याकारोन्तादेश आर्षः ॥७॥
NIL-044	sanatana.in Nīlakaṇṭha vulgate scrape (Devanāgarī)	Mahābhārata (vulgate, Nīlakaṇṭha recension)	MBh 3.222.6	P03_U12_A222_S006	vanaparva	nīlakaṇṭhaḥ	ārṣa	आर्षः	elision — segment/affix	lopa	auto	1	nīlakaṇṭhaḥ	अध्यात्मं महतः पुत्रोऽहङ्कारः । भरति बिभर्तीति मृतानि अचेतनानि खादीनि देहाकाराणि धारयतीति भरतो नाम । तस्यैव भूतसंहारस्थानत्वं दहन्निति दार्शतम् । भरस्य भरतस्य । तकारलोप आर्षः । क्रतुर्नाम अध्यात्मम् ऋतुः संकल्पात्मकं मनः। अग्निष्टोमशब्देन 'तस्यैवं विदुषो यज्ञस्यात्मा यजमानः श्रद्धा पत्नी शरीरमिध्ममुरो वेदिर्लोमानि बर्हिः' इत्यादिना तैत्तिरीय
NIL-045	sanatana.in Nīlakaṇṭha vulgate scrape (Devanāgarī)	Mahābhārata (vulgate, Nīlakaṇṭha recension)	MBh 3.236.16	P03_U14_A236_S016	vanaparva	nīlakaṇṭhaḥ	chāndasa	छान्दसो	tense — laṭ	laṭ	auto	1	nīlakaṇṭhaḥ	अन्यैः अन्येभ्योऽधिकः प्रतीक्षतीत्यप्युपपदाभावेऽपि छान्दसो गर्हायां लट् ॥१६॥
NIL-046	sanatana.in Nīlakaṇṭha vulgate scrape (Devanāgarī)	Mahābhārata (vulgate, Nīlakaṇṭha recension)	MBh 3.254.8	P03_U14_A254_S008	vanaparva	nīlakaṇṭhaḥ	ārṣa	आर्षः	elision	lopa	auto	1	nīlakaṇṭhaḥ	निवेश्य विषयेऽऽत्मनः आत्मनो गोचरे कृत्वेत्यर्थः । आकारपूर्वरूपं लोपो वा आर्षः ॥८॥
NIL-047	sanatana.in Nīlakaṇṭha vulgate scrape (Devanāgarī)	Mahābhārata (vulgate, Nīlakaṇṭha recension)	MBh 3.254.9	P03_U14_A254_S009	vanaparva	nīlakaṇṭhaḥ	ārṣa	आर्षः	absence of the aṭ augment	aḍ-abhāva	auto	1	nīlakaṇṭhaḥ	निर्जयत् जितवान् । अडभाव आर्षः ॥९॥
NIL-048	sanatana.in Nīlakaṇṭha vulgate scrape (Devanāgarī)	Mahābhārata (vulgate, Nīlakaṇṭha recension)	MBh 3.314.5	P03_U22_A314_S005	vanaparva	nīlakaṇṭhaḥ	chāndasa	छान्दसमदन्तत्वम्	stem-final vowel (a-stem)	adantatva	auto	1	nīlakaṇṭhaḥ	सुहृदः सुहृत् । छान्दसमदन्तत्वम् ॥५॥
NIL-049	sanatana.in Nīlakaṇṭha vulgate scrape (Devanāgarī)	Mahābhārata (vulgate, Nīlakaṇṭha recension)	MBh 4.7.12	P04_U01_A007_S012	virataparva	nīlakaṇṭhaḥ	chāndasa	छान्दस	absence of ārdhadhātuka status	ārdhadhātukatva-abhāva	auto	1	nīlakaṇṭhaḥ	युधिष्ठिरस्येति लोके । पक्षे युधिष्ठिरोऽहं तव सखा स्यासं भूयासमिति सम्बन्धः । अस्तेराशीर्लिङि छान्दस आर्द्धधातुकत्वाभावः । तेन भूभावः श्नसोरित्यल्लोपाभावश्च न भवतः सलोपाभावोऽपि छान्दसः । युधिष्ठिरः स्यामहमहं सखेति पाठेऽपि युधिष्ठिरोऽहं मम सखा स्याः भव इति सम्बन्धः । हमि
NIL-050	sanatana.in Nīlakaṇṭha vulgate scrape (Devanāgarī)	Mahābhārata (vulgate, Nīlakaṇṭha recension)	MBh 4.7.12	P04_U01_A007_S012	virataparva	nīlakaṇṭhaḥ	chāndasa	छान्दसः	absence of an expected elision	lopa-abhāva	auto	1	nīlakaṇṭhaḥ	िरस्येति लोके । पक्षे युधिष्ठिरोऽहं तव सखा स्यासं भूयासमिति सम्बन्धः । अस्तेराशीर्लिङि छान्दस आर्द्धधातुकत्वाभावः । तेन भूभावः श्नसोरित्यल्लोपाभावश्च न भवतः सलोपाभावोऽपि छान्दसः । युधिष्ठिरः स्यामहमहं सखेति पाठेऽपि युधिष्ठिरोऽहं मम सखा स्याः भव इति सम्बन्धः । हमिति तु पादपूरणार्थो निपातः । पक्षे अहमहमिति द्विरुक्तिः सार्वभौमोऽपरसेवां चिकीर्षामी
NIL-051	sanatana.in Nīlakaṇṭha vulgate scrape (Devanāgarī)	Mahābhārata (vulgate, Nīlakaṇṭha recension)	MBh 4.10.15	P04_U01_A010_S015	virataparva	nīlakaṇṭhaḥ	ārṣa	आर्षः	elision — case ending	vibhakti-lopa	auto	1	nīlakaṇṭhaḥ	समानो वर्णो येषां ते सवर्णाः वर्णस्य वर्णेन विमिश्रिताश्च पाटलादयः । विभक्त्यलोप आर्षः । सवर्णाश्च वर्णविमिश्रिताश्च तान् । तत्तद्गुणैः उपलक्षितान् ॥१५॥
NIL-052	sanatana.in Nīlakaṇṭha vulgate scrape (Devanāgarī)	Mahābhārata (vulgate, Nīlakaṇṭha recension)	MBh 4.24.10	P04_U03_A024_S010	virataparva	nīlakaṇṭhaḥ	chāndasa	छान्दसम्	kṛtya suffix (tvan)	tvan	auto	1	nīlakaṇṭhaḥ	"न हित्वामिति । हित्वां हातुं योग्याम् ""कृत्यार्थे तवैकेन्केन्यत्वनः"" इति त्वन् जहातेश्चेति हित्वमवत्वायामपि छान्दसम् । पित्वो भिक्षेतेत्यादिवत् त्वां सैरंध्रीं हित्वां त्यक्तुं योग्यामप्यहं राजा गच्छेति वक्तुं नोत्सहे स्त्रियास्तु सुदेष्णायास्तव तां प्रत्येतद्वक्तुमदोष इति राजवावयानु"
NIL-053	sanatana.in Nīlakaṇṭha vulgate scrape (Devanāgarī)	Mahābhārata (vulgate, Nīlakaṇṭha recension)	MBh 4.28.4	P04_U04_A028_S004	virataparva	nīlakaṇṭhaḥ	ārṣa	आर्षः	absence of the num augment	num-abhāva	auto	1	nīlakaṇṭhaḥ	समं वदत् समं पक्षपातशून्यं वदत् वदन् । नुमभाव आर्षः ॥४॥
NIL-054	sanatana.in Nīlakaṇṭha vulgate scrape (Devanāgarī)	Mahābhārata (vulgate, Nīlakaṇṭha recension)	MBh 4.59.5	P04_U04_A059_S005	virataparva	nīlakaṇṭhaḥ	ārṣa	आर्षः	absence of the aṭ augment	aḍ-abhāva	auto	1	nīlakaṇṭhaḥ	न प्रजानन्त अडभाव आर्षः । न च ज्ञातवन्तः ॥५॥
NIL-055	sanatana.in Nīlakaṇṭha vulgate scrape (Devanāgarī)	Mahābhārata (vulgate, Nīlakaṇṭha recension)	MBh 4.61.11	P04_U04_A061_S011	virataparva	nīlakaṇṭhaḥ	ārṣa	आर्षः	elision — segment/syllable	varṇa-lopa	auto	1	nīlakaṇṭhaḥ	न संधानं न संदधानं वर्णलोप आर्षः ॥११॥
NIL-056	sanatana.in Nīlakaṇṭha vulgate scrape (Devanāgarī)	Mahābhārata (vulgate, Nīlakaṇṭha recension)	MBh 4.65.3	P04_U04_A065_S003	virataparva	nīlakaṇṭhaḥ	ārṣa	आर्षः	elision — segment/affix	lopa	auto	1	nīlakaṇṭhaḥ	एकशृङ्गः पर्वतो यथा एकेन पर्ववता दीर्घवंशेन । एकः पर्वा यस्मिन्निति समासः। मतुब्लोप आर्षः ॥३॥
NIL-057	sanatana.in Nīlakaṇṭha vulgate scrape (Devanāgarī)	Mahābhārata (vulgate, Nīlakaṇṭha recension)	MBh 5.1.15	P05_U01_A001_S015	udyogaparva	nīlakaṇṭhaḥ	ārṣa	आर्षः	voice — ātmanepada for parasmaipada	taṅ-bhāva	auto	1	nīlakaṇṭhaḥ	बुभूषेत् प्राप्तुमिच्छेत् तङ्भाव आर्षः ॥१५॥
NIL-058	sanatana.in Nīlakaṇṭha vulgate scrape (Devanāgarī)	Mahābhārata (vulgate, Nīlakaṇṭha recension)	MBh 5.3.3	P05_U01_A003_S003	udyogaparva	nīlakaṇṭhaḥ	ārṣa	आर्षः	case ending — luk / ḍa-substitution	supāṃ suluk	auto	1	nīlakaṇṭhaḥ	फलाफलवती सुपो लुक् आर्षः पूर्वसवर्णो वा ॥३॥
NIL-059	sanatana.in Nīlakaṇṭha vulgate scrape (Devanāgarī)	Mahābhārata (vulgate, Nīlakaṇṭha recension)	MBh 5.13.21	P05_U01_A013_S021	udyogaparva	nīlakaṇṭhaḥ	ārṣa	आर्षः	voice — ātmanepada for parasmaipada	taṅ-bhāva	auto	1	nīlakaṇṭhaḥ	अकम्पत् अकम्पत तङभाव आर्षः ॥२१॥
NIL-060	sanatana.in Nīlakaṇṭha vulgate scrape (Devanāgarī)	Mahābhārata (vulgate, Nīlakaṇṭha recension)	MBh 5.13.27	P05_U01_A013_S027	udyogaparva	nīlakaṇṭhaḥ	ārṣa	आर्षः	elision — segment/affix	lopa	auto	1	nīlakaṇṭhaḥ	कर्मसु इह रणय इष्टं कामं गमय प्रापय ॥ रण गतावितस्य रूपम् । अमुष्य बुद्धिस्थस्य दिवं शासत इन्द्रस्य दिवं प्रकाशं यय गमय यच्छेत्यर्थः । व्यय गतावित्यस्य लोटि रूपम् । वलोप आर्षः । हे दिवावसो अह्नो धनं सूर्यस्तद्वत् तमोग्रस्तमर्थं प्रकाशयितुं समर्थः ॥२७॥
NIL-061	sanatana.in Nīlakaṇṭha vulgate scrape (Devanāgarī)	Mahābhārata (vulgate, Nīlakaṇṭha recension)	MBh 5.14.16	P05_U01_A014_S016	udyogaparva	nīlakaṇṭhaḥ	ārṣa	आर्षः	voice — ātmanepada for parasmaipada	taṅ-bhāva	auto	1	nīlakaṇṭhaḥ	त्रस्यसि पालयिष्यसि तङभाव आर्षः ॥१६॥
NIL-062	sanatana.in Nīlakaṇṭha vulgate scrape (Devanāgarī)	Mahābhārata (vulgate, Nīlakaṇṭha recension)	MBh 5.27.14	P05_U02_A027_S014	udyogaparva	nīlakaṇṭhaḥ	ārṣa	आर्षः	voice — ātmanepada for parasmaipada	taṅ-bhāva	auto	1	nīlakaṇṭhaḥ	लाभ इत्यत आह - स इति । सः त्वमेवं निष्कामकर्मकृत् क्रोधजं लोकं नरकं हर्षजं स्वर्गं चेत्युभौ लोकौ चिराय अपुनरावृत्तये मा प्रहासीः मा गच्छ । ओहाङ् गतावितस्य रूपम् । तङभाव आर्षः । कर्मजं फलं त्यक्त्वा परेण वैराग्येण संपन्नो मोक्षार्थं योगाभ्यासमेव कुरुष्व किं राज्येन बन्धुनाशलभ्येनेत्यर्थः ॥१४॥
NIL-063	sanatana.in Nīlakaṇṭha vulgate scrape (Devanāgarī)	Mahābhārata (vulgate, Nīlakaṇṭha recension)	MBh 5.43.41	P05_U04_A043_S041	udyogaparva	nīlakaṇṭhaḥ	ārṣa	आर्षः	elision — segment/affix	lopa	auto	1	nīlakaṇṭhaḥ	णम् । तथा त्रिवेदाः त्रीन् क्षरमक्षरमुत्तमं चेति पुरुषं वेदयन्ते त्रिवेदाः । 'क्षरं प्रधानं अमृताक्षरं ह क्षरात्मानावीशते देव एकः' इति अमृतो जीवः कूटस्थः सोऽक्षरं- सुलोप आर्षः- ईशते ईष्टे । 'क्षरः सर्वाणि भूतानि कूटस्थोऽक्षर उच्यते । उत्तमः पुरुषस्त्वन्यः परमात्मेत्युदाहृतः' इति ॥४१॥
NIL-064	sanatana.in Nīlakaṇṭha vulgate scrape (Devanāgarī)	Mahābhārata (vulgate, Nīlakaṇṭha recension)	MBh 5.45.5	P05_U04_A045_S005	udyogaparva	nīlakaṇṭhaḥ	chāndasa	डादेशश्छान्दसः	case ending — luk / ḍa-substitution	supāṃ suluk	auto	1	nīlakaṇṭhaḥ	महाव्रता महाव्रतानि । सुपां सुलुगिति सुपो डादेशश्छान्दसः ॥५॥
NIL-065	sanatana.in Nīlakaṇṭha vulgate scrape (Devanāgarī)	Mahābhārata (vulgate, Nīlakaṇṭha recension)	MBh 5.46.3	P05_U04_A046_S003	udyogaparva	nīlakaṇṭhaḥ	chāndasa	छान्दसं	preverb–verb separation	vyavahita	auto	1	nīlakaṇṭhaḥ	िषूचीर्वसानाविति पाठे सः शुक्रसंज्ञः शुद्ध आत्मा कीदृशौ उभौ देवौ सध्रीचीः विषूचीश्च आवसानौ दिशः उपदिशश्च पटवद्वसानौ । दिगन्तपर्यन्तं विस्तीर्णावित्यर्थः । व्यवहिताश्चेति छान्दसं क्रियोपसर्गयोर्व्यवधानम् । शेषं प्राग्वदेव ॥३॥
NIL-066	sanatana.in Nīlakaṇṭha vulgate scrape (Devanāgarī)	Mahābhārata (vulgate, Nīlakaṇṭha recension)	MBh 5.48.3	P05_U05_A048_S003	udyogaparva	nīlakaṇṭhaḥ	chāndasa	धातूपसर्गयोश्छान्दसं	preverb–verb separation	vyavahita	auto	1	nīlakaṇṭhaḥ	अन्वत्रस्त इत्यनुशब्दस्य अवोचदित्यनेन सम्बन्धः। व्यवहिताश्चेति धातूपसर्गयोश्छान्दसं व्यवहितत्वम् । विदानः जानन् उपह्वरे समीपे कुरूणां मध्ये धार्तराष्ट्रं ब्रूयाः इत्यन्ववोचदिति संबन्धः ॥३॥
NIL-067	sanatana.in Nīlakaṇṭha vulgate scrape (Devanāgarī)	Mahābhārata (vulgate, Nīlakaṇṭha recension)	MBh 5.48.14	P05_U05_A048_S014	udyogaparva	nīlakaṇṭhaḥ	ārṣa	आर्षो	transfer — tense/mood (lakāra)	lakāra-vyatyaya	auto	1	nīlakaṇṭhaḥ	क्रोधमवस्रष्टा उत्स्रक्ष्यति । उद्वृत्तं क्रोधाक्रान्तं चेतो यस्य सः उद्वृत्तचेताः । जन्मना सुवृत्तचेता अपि सन् । अन्वतप्स्यत् शोचिष्यति । आर्षो लकारव्यत्ययः ॥१४॥
NIL-068	sanatana.in Nīlakaṇṭha vulgate scrape (Devanāgarī)	Mahābhārata (vulgate, Nīlakaṇṭha recension)	MBh 5.48.99	P05_U05_A048_S099	udyogaparva	nīlakaṇṭhaḥ	ārṣa	आर्षः	compound — member order	pūrva-nipāta	auto	1	nīlakaṇṭhaḥ	ा अनागतार्थज्ञापकाः । मृगचक्राः- चक्राणि सर्वतोभद्रादीनि शैवागमप्रसिद्धानि मृगयन्ते किं नक्षत्रं केन ग्रहेण विद्धमिति विचारयन्ति सदसत्फलकथनार्थं ते चक्रमृगाः- पूर्वनिपात आर्षः- मृगाणि मार्गितानि चक्राणि यैस्ते इति वा ॥९९॥
NIL-069	sanatana.in Nīlakaṇṭha vulgate scrape (Devanāgarī)	Mahābhārata (vulgate, Nīlakaṇṭha recension)	MBh 5.77.13	P05_U06_A077_S013	udyogaparva	nīlakaṇṭhaḥ	ārṣa	आर्षः	transfer — gender	liṅga-vyatyaya	auto	1	nīlakaṇṭhaḥ	तं प्रकृते योजयति- तत्रेति । अनुमात्राऽवधारणं निश्चय इत्यर्थः । 'मात्रं कार्त्स्न्येऽवधारणे' इति कोशः । लिङ्गव्यत्यय आर्षः ॥१३॥
NIL-070	sanatana.in Nīlakaṇṭha vulgate scrape (Devanāgarī)	Mahābhārata (vulgate, Nīlakaṇṭha recension)	MBh 5.141.47	P05_U06_A141_S047	udyogaparva	nīlakaṇṭhaḥ	ārṣa	आर्षो	upapada government	upapada-yoga	auto	1	nīlakaṇṭhaḥ	आनर्दं महानादं नर्दतः णमुलन्तं पूर्वपदं सूयं सोमाभिषवः राजसूयसूर्येति निपातनात् उपपदयोगस्त्वनित्यः आर्षो वा । तदभावेऽपि सुञः क्यप् दीर्घश्च । सुत्यमित्यपि पठन्ति ॥४७॥
NIL-071	sanatana.in Nīlakaṇṭha vulgate scrape (Devanāgarī)	Mahābhārata (vulgate, Nīlakaṇṭha recension)	MBh 5.144.13	P05_U06_A144_S013	udyogaparva	nīlakaṇṭhaḥ	ārṣa	आर्षमात्मनेपदम्	voice — ātmanepada for parasmaipada	taṅ-bhāva	auto	1	nīlakaṇṭhaḥ	पश्ये पश्यामि आर्षमात्मनेपदम् । अयुद्धे युद्धाभावे ॥१३॥
NIL-072	sanatana.in Nīlakaṇṭha vulgate scrape (Devanāgarī)	Mahābhārata (vulgate, Nīlakaṇṭha recension)	MBh 5.160.116	P05_U08_A160_S116	udyogaparva	nīlakaṇṭhaḥ	ārṣa	आर्षः	elision — segment/affix	lopa	auto	1	nīlakaṇṭhaḥ	्षावेण्युपलक्षितेषु रत्यवमर्ददशनस्थानेषु संयुगे स्मरयुद्धे उपस्थिते सति पलायते स्त्री त्वस्मिन्संयुगे स्थिरीभवति । अयं तु ततोऽप्यधम इति भावः। कक्षायामित्यपेक्षित आकारलोप आर्षः ॥११६॥
NIL-073	sanatana.in Nīlakaṇṭha vulgate scrape (Devanāgarī)	Mahābhārata (vulgate, Nīlakaṇṭha recension)	MBh 5.175.2	P05_U10_A175_S002	udyogaparva	nīlakaṇṭhaḥ	ārṣa	आर्षः	absence of the aṭ augment	aḍ-abhāva	auto	1	nīlakaṇṭhaḥ	समनुज्ञासिषं समनुज्ञातवान् अडभाव आर्षः ॥२॥
NIL-074	sanatana.in Nīlakaṇṭha vulgate scrape (Devanāgarī)	Mahābhārata (vulgate, Nīlakaṇṭha recension)	MBh 6.3.34	P06_U01_A003_S034	bhishmaparva	nīlakaṇṭhaḥ	ārṣa	आर्षः	elision — case ending	vibhakti-lopa	auto	1	nīlakaṇṭhaḥ	प्रतिस्रोतसो महानद्यः विपरीतप्रवाहाः । विभक्तिलोप आर्षः विशेषणं विशेष्येण बहुलमिति समासो वा क्रियाविशेषणं वा । कूपा जलाशयाः । कूर्दन्ति क्रीडन्ति । वातैः क्षुभ्यन्तः इत्यर्थः ॥३४॥
NIL-075	sanatana.in Nīlakaṇṭha vulgate scrape (Devanāgarī)	Mahābhārata (vulgate, Nīlakaṇṭha recension)	MBh 6.29.27	P06_U03_A029_S027	bhishmaparva	nīlakaṇṭhaḥ	chāndasa	विसर्गलोपश्छान्दसः	elision — visarga	visarga-lopa	auto	1	nīlakaṇṭhaḥ	ताश्रयणे प्रयोजयेत्। त्रिरुन्नतं स्थाप्य समं शरीरं हृदीन्द्रियाणि मनसा संनिरुध्य। ब्रह्मोडुपेन प्रतरेत विद्वान्स्रोतांसि सर्वाणि भयावहानि।” इति। चक्षुरित्यत्र विसर्गलोपश्छान्दसः। त्रिरुन्नतं कटिवक्षःकन्धराप्रदेशेषून्नतम्। ततो जितासनः प्राणायाममभ्यसेत्। तेन हि मन्दगतौ प्राणे सति तदनुसारि मनोऽपि चाञ्चल्यं त्यजति। नोचेद्वायुविक्षेपेण विक्षिप्यते।
NIL-076	sanatana.in Nīlakaṇṭha vulgate scrape (Devanāgarī)	Mahābhārata (vulgate, Nīlakaṇṭha recension)	MBh 6.32.3	P06_U03_A032_S003	bhishmaparva	nīlakaṇṭhaḥ	chāndasa	उत्वाभावश्छान्दसः	absence of the u-substitution	utva-abhāva	auto	1	nīlakaṇṭhaḥ	गीतासु “क्षरं प्रधानममृताक्षरं हरः क्षरात्मानावीशते देव एकः” इति श्रुतौ च कूटस्थपदेनामृतपदेन च विशेषितस्याक्षरपदस्य जीववाचित्वदर्शनात्। अमृतोक्षरमित्यपेक्षिते उत्वाभावश्छान्दसः। त(य)थाचाक्षरं जीवाख्यं परमं ब्रह्म। परममिति विशेषणेन सोपाधिकस्य पूर्वाध्यायोक्तस्य व्यावृत्तिः। नहि जीवस्य सोपाधिकस्य ब्रह्मभावः संभवति। व्यावर्तकोपाधौ मायादर्पणे जाग्
NIL-077	sanatana.in Nīlakaṇṭha vulgate scrape (Devanāgarī)	Mahābhārata (vulgate, Nīlakaṇṭha recension)	MBh 6.35.8	P06_U03_A035_S008	bhishmaparva	nīlakaṇṭhaḥ	ārṣa	आर्षः	transfer — stem-class (vikaraṇa)	pada-vikaraṇa-vyatyaya	auto	1	nīlakaṇṭhaḥ	यत्तूक्तं ‘मन्यसे यदि तच्छक्यं मया द्रष्टुम्’ इति तत्राह -- नत्विति। शक्यसे शक्नोषि। पदविकरणव्यत्यय आर्षः। अनेन प्राकृतेन। दिव्यमप्राकृतम्। ऐश्वरं ईश्वरसंबन्धिनं योगं विश्वाश्रयत्वलक्षणं सामर्थ्यम् ॥८॥
NIL-078	sanatana.in Nīlakaṇṭha vulgate scrape (Devanāgarī)	Mahābhārata (vulgate, Nīlakaṇṭha recension)	MBh 6.35.48	P06_U03_A035_S048	bhishmaparva	nīlakaṇṭhaḥ	ārṣa	आर्षः	absence of ru-substitution	ru-tva-abhāva	auto	1	nīlakaṇṭhaḥ	च दानैर्न च क्रियाभिः स्मृत्युक्ताभिरापूर्तादिभिर्वापीकूपारामादिभिस्तपोभिः कृच्छ्रचान्द्रयणाद्यैः। उग्रैर्मासोपवासाद्यैः। नृलोके एवंरूपोऽहं द्रष्टुं न शक्यः। रोरुत्वाभाव आर्षः। त्वदन्येन कुरुप्रवीर ॥४८॥
NIL-079	sanatana.in Nīlakaṇṭha vulgate scrape (Devanāgarī)	Mahābhārata (vulgate, Nīlakaṇṭha recension)	MBh 6.42.55	P06_U03_A042_S055	bhishmaparva	nīlakaṇṭhaḥ	chāndasa	एकस्तकारश्छान्दस्यां	elision	lopa	auto	1	nīlakaṇṭhaḥ	ूपा प्रथममुक्ता। “य एवं वेदाहं ब्रह्मास्मीति स इदं सर्वं भवति”, “स एतमेव पुरुषं ब्रह्म ततममपश्यत्” इत्यादिश्रुतिभ्यो मुक्तानां सार्वात्म्यावगमात्। ततमं तततमम्। एकस्तकारश्छान्दस्यां प्रक्रियायां लुप्तो द्रष्टव्य इति श्रुतिभाष्यम्। अनन्तरं कारणभावापत्तेरनुपदमेव तत् ब्रह्म तच्छब्दाभिधेयम् “तदिति वा एतस्य महतो भूतस्य नाम भवति” इति श्रुतेः। शुद्धं ब
NIL-080	sanatana.in Nīlakaṇṭha vulgate scrape (Devanāgarī)	Mahābhārata (vulgate, Nīlakaṇṭha recension)	MBh 6.43.26	P06_U04_A043_S026	bhishmaparva	nīlakaṇṭhaḥ	ārṣa	आर्षः	absence of an expected elision	lopa-abhāva	auto	1	nīlakaṇṭhaḥ	मिथोऽन्योन्यं एषो हीति सुलोपाभाव आर्षः ॥२६॥
NIL-081	sanatana.in Nīlakaṇṭha vulgate scrape (Devanāgarī)	Mahābhārata (vulgate, Nīlakaṇṭha recension)	MBh 6.43.32	P06_U04_A043_S032	bhishmaparva	nīlakaṇṭhaḥ	ārṣa	आर्षः	absence of compounding	asamāsa	auto	1	nīlakaṇṭhaḥ	धिक्कृत्वा धिक्कृत्य असमास आर्षः धिगित्यकरोदिति वा ॥३२॥
NIL-082	sanatana.in Nīlakaṇṭha vulgate scrape (Devanāgarī)	Mahābhārata (vulgate, Nīlakaṇṭha recension)	MBh 6.44.28	P06_U04_A044_S028	bhishmaparva	nīlakaṇṭhaḥ	ārṣa	आर्षः	absence of the aṭ augment	aḍ-abhāva	auto	1	nīlakaṇṭhaḥ	अन्तर्धीयत अन्तर्हितः । अडभाव आर्षः । सैन्येन सेनाभवेन ॥२८॥
NIL-083	sanatana.in Nīlakaṇṭha vulgate scrape (Devanāgarī)	Mahābhārata (vulgate, Nīlakaṇṭha recension)	MBh 6.110.41	P06_U04_A110_S041	bhishmaparva	nīlakaṇṭhaḥ	chāndasa	छान्दसः	aṭ augment	aḍ-āgama	auto	1	nīlakaṇṭhaḥ	अप्रैषीत् उपसर्गात्पूर्वोऽडागमस्तु छान्दसः एवमन्यत्रापि ॥४१॥
NIL-084	sanatana.in Nīlakaṇṭha vulgate scrape (Devanāgarī)	Mahābhārata (vulgate, Nīlakaṇṭha recension)	MBh 7.67.13	P07_U03_A067_S013	dronaparva	nīlakaṇṭhaḥ	ārṣa	आर्षः	elision — segment/affix	lopa	auto	1	nīlakaṇṭhaḥ	वस्वोकसारा सलोप आर्षः । कनकमयानि ओकांसि सारो यस्याः सा तथा ॥१३॥
NIL-085	sanatana.in Nīlakaṇṭha vulgate scrape (Devanāgarī)	Mahābhārata (vulgate, Nīlakaṇṭha recension)	MBh 7.175.32	P07_U06_A175_S032	dronaparva	nīlakaṇṭhaḥ	ārṣa	आर्षोऽच्प्रत्ययः	compound-final / ṭac suffix	samāsānta	auto	1	nīlakaṇṭhaḥ	तस्य घटोत्कचस्य आसक्तमन्योन्यसंसक्तं यथा स्यात्तथा शरानस्यतः । आशक्तमिति पाठे यावच्छक्ति आर्षोऽच्प्रत्ययः समासान्तः ॥३२॥
NIL-086	sanatana.in Nīlakaṇṭha vulgate scrape (Devanāgarī)	Mahābhārata (vulgate, Nīlakaṇṭha recension)	MBh 7.188.52	P07_U07_A188_S052	dronaparva	nīlakaṇṭhaḥ	ārṣa	आर्षं	gender — neuter	klībatva	auto	1	nīlakaṇṭhaḥ	पारमवधिः आर्षं क्लीबत्वम् । अन्यतरेणेति शेषः । गम्यते प्राप्यते अन्योन्ययुद्धे । ततस्तदा संकुलयुद्धमनियतयोधं युद्धम् ॥५२॥
NIL-087	sanatana.in Nīlakaṇṭha vulgate scrape (Devanāgarī)	Mahābhārata (vulgate, Nīlakaṇṭha recension)	MBh 7.201.77	P07_U08_A201_S077	dronaparva	nīlakaṇṭhaḥ	chāndasa	सुपश्छान्दसोऽडादेशः	case ending — luk / ḍa-substitution	supāṃ suluk	auto	1	nīlakaṇṭhaḥ	भूतमिति । संभूता संभूतानि । विश्वा विश्वानि । उभयत्र सुपश्छान्दसोऽडादेशः । भजस्व इष्टकामपूरणेन पालय । मा रीरिषः मा हिंसीः मां केन अहिताहितेन अहितानां कामादीनाम् आहितम् आधानं मच्चेतसि प्रवेशनं तेनेत्यर्थः ॥७७॥
NIL-088	sanatana.in Nīlakaṇṭha vulgate scrape (Devanāgarī)	Mahābhārata (vulgate, Nīlakaṇṭha recension)	MBh 8.3.21	P08_U01_A003_S021	karnaparva	nīlakaṇṭhaḥ	chāndasa	क्त्वाप्रत्ययश्छान्दसः	absolutive suffix	ktvā	auto	1	nīlakaṇṭhaḥ	पीडयित्वा हत्वेत्यनेककर्तृकेऽपि क्त्वाप्रत्ययश्छान्दसः अन्येऽभ्योऽपि दृश्यन्ते इति वनिवन्तं वा शब्दद्वयं दृशिग्रहणादाद्ये तुगपि । पीडयन् निघ्नन्निति वाऽर्थः ॥२१॥
NIL-089	sanatana.in Nīlakaṇṭha vulgate scrape (Devanāgarī)	Mahābhārata (vulgate, Nīlakaṇṭha recension)	MBh 8.7.3	P08_U01_A007_S003	karnaparva	nīlakaṇṭhaḥ	ārṣa	आर्षो	transfer — case	vibhakti-vyatyaya	auto	1	nīlakaṇṭhaḥ	शतं शतं सहस्रदशकम् । आर्षो विभक्तिव्यत्ययः । कुञ्जराणामयुतेन तुल्यं बाह्वोर्बलं यस्य तस्यापि वधेन मृष्यामीति न अपि तु मृष्याम्येव । मृत्युजयिनो भीष्मस्य क्षात्रब्राह्मोभयबलवतो द्रोणस्य च वधं कुर्
NIL-090	sanatana.in Nīlakaṇṭha vulgate scrape (Devanāgarī)	Mahābhārata (vulgate, Nīlakaṇṭha recension)	MBh 8.10.11	P08_U01_A010_S011	karnaparva	nīlakaṇṭhaḥ	chāndasa	छान्दसष्टच्	compound-final / ṭac suffix	samāsānta	auto	1	nīlakaṇṭhaḥ	निशाम्य आलोच्य वर्चसं छान्दसष्टच् ॥११॥
NIL-091	sanatana.in Nīlakaṇṭha vulgate scrape (Devanāgarī)	Mahābhārata (vulgate, Nīlakaṇṭha recension)	MBh 8.10.45	P08_U01_A010_S045	karnaparva	nīlakaṇṭhaḥ	ārṣa	आर्षः	elision — taddhita suffix	taddhita-luk	auto	1	nīlakaṇṭhaḥ	विषाणैः द्विपस्य गजस्य दन्तमयैः पात्रैः खड्गस्य गण्डकस्य महर्षभस्य गवयस्य च शृङ्गैः। 'विषाणं दन्तशृङ्गयोः' इति विश्वः । द्विपखड्गमहर्षभीयैरिति तद्धितलोप आर्षः ॥४५॥
NIL-092	sanatana.in Nīlakaṇṭha vulgate scrape (Devanāgarī)	Mahābhārata (vulgate, Nīlakaṇṭha recension)	MBh 8.12.1	P08_U01_A012_S001	karnaparva	nīlakaṇṭhaḥ	chāndasa	प्रगृह्यत्वाभावश्छान्दसः	absence of pragṛhya status	pragṛhyatva-abhāva	auto	1	nīlakaṇṭhaḥ	ते सेने इति । प्रगृह्यत्वाभावश्छान्दसः ॥१॥
NIL-093	sanatana.in Nīlakaṇṭha vulgate scrape (Devanāgarī)	Mahābhārata (vulgate, Nīlakaṇṭha recension)	MBh 8.12.22	P08_U01_A012_S022	karnaparva	nīlakaṇṭhaḥ	ārṣa	आर्षः	compound — member order	pūrva-nipāta	auto	1	nīlakaṇṭhaḥ	उदयाग्राद्रिभवनम् अग्रादीत्यग्रशब्दस्य पूर्वनिपात आर्षः । उदयनामा अग्राद्रिः पूर्वपर्वतः स एव भवनमिति वा । उदयाग्रात्रिभवनमिति पाठे उदयाचलस्याग्रे श्रृङ्गे अत्रेरर्कभूतस्य भवनम् ॥२२॥
NIL-094	sanatana.in Nīlakaṇṭha vulgate scrape (Devanāgarī)	Mahābhārata (vulgate, Nīlakaṇṭha recension)	MBh 8.44.14	P08_U01_A044_S014	karnaparva	nīlakaṇṭhaḥ	chāndasa	सन्धिश्छान्दसः	sandhi	sandhi	auto	1	nīlakaṇṭhaḥ	सूक्तानि विनोदवचनानि हेहते भोलिङ्गताडिते इत्याक्रोशे द्वित्वं सन्धिश्छान्दसः । स्वामिहते भर्तृहते इति च तद्वत् ॥१४॥
NIL-095	sanatana.in Nīlakaṇṭha vulgate scrape (Devanāgarī)	Mahābhārata (vulgate, Nīlakaṇṭha recension)	MBh 8.67.6	P08_U01_A067_S006	karnaparva	nīlakaṇṭhaḥ	ārṣa	आर्षः	absence of the nuṭ augment	nuḍ-abhāva	auto	1	nīlakaṇṭhaḥ	अष्टौ गावो यस्मिन् तदष्टागवं शकटं तेषामष्टागवामष्ट अष्टसंख्यानि शकटानि । नुडभावः आर्षः । शतानि बाणान् अनेकशतसंख्यान्वहन्ति ॥६॥
NIL-096	sanatana.in Nīlakaṇṭha vulgate scrape (Devanāgarī)	Mahābhārata (vulgate, Nīlakaṇṭha recension)	MBh 8.80.18	P08_U01_A080_S018	karnaparva	nīlakaṇṭhaḥ	ārṣa	आर्षः	absence of the aṭ augment	aḍ-abhāva	auto	1	nīlakaṇṭhaḥ	विनिर्दहन्नित्यत्राडभाव आर्षः ॥१८॥
NIL-097	sanatana.in Nīlakaṇṭha vulgate scrape (Devanāgarī)	Mahābhārata (vulgate, Nīlakaṇṭha recension)	MBh 9.1.1	P09_U01_A001_S001	shalyaparva	nīlakaṇṭhaḥ	ārṣa	आर्षः	elision	lopa	auto	1	nīlakaṇṭhaḥ	श्रीगणेशाय नमः। उक्ता सङ्गतिः कर्णपर्वादौ। एवं निपातित इति। उद्यमं पलायनं वा चक्रुरिति प्रष्टुरभिप्रायः। अल्पाः अवशिष्टा इति च्छेदः। अत्राकारलोप आर्षः॥१॥
NIL-098	sanatana.in Nīlakaṇṭha vulgate scrape (Devanāgarī)	Mahābhārata (vulgate, Nīlakaṇṭha recension)	MBh 9.1.20	P09_U01_A001_S020	shalyaparva	nīlakaṇṭhaḥ	ārṣa	आर्षः	absence of the aṭ augment	aḍ-abhāva	auto	1	nīlakaṇṭhaḥ	अपश्यामः अडाहमो विसर्गो वा आर्षः। वैशम्पायनवाक्यमिदम्॥२०॥
NIL-099	sanatana.in Nīlakaṇṭha vulgate scrape (Devanāgarī)	Mahābhārata (vulgate, Nīlakaṇṭha recension)	MBh 9.4.17	P09_U01_A004_S017	shalyaparva	nīlakaṇṭhaḥ	ārṣa	आर्षः	absence of the iṭ augment	iḍ-abhāva	auto	1	nīlakaṇṭhaḥ	संहृष्यन्ति संहरतिष्यति इडभाव आर्षः। मनांसि आत्मानं संहरिष्यन्ति मूढानि भविष्यन्तीत्यर्थः। संमुह्यन्तीति पाठान्तरम्॥१७॥
NIL-100	sanatana.in Nīlakaṇṭha vulgate scrape (Devanāgarī)	Mahābhārata (vulgate, Nīlakaṇṭha recension)	MBh 11.13.4	P11_U01_A013_S004	striparva	nīlakaṇṭhaḥ	ārṣa	आर्षः	absence of the aṭ augment	aḍ-abhāva	auto	1	nīlakaṇṭhaḥ	न तत्कृथाः तन्न कृतवानसि अडभाव आर्षः॥४॥
NIL-101	sanatana.in Nīlakaṇṭha vulgate scrape (Devanāgarī)	Mahābhārata (vulgate, Nīlakaṇṭha recension)	MBh 11.27.14	P11_U03_A027_S014	striparva	nīlakaṇṭhaḥ	ārṣa	आर्षः	absence of the aṭ augment	aḍ-abhāva	auto	1	nīlakaṇṭhaḥ	भवन् अभवन् अडभाव आर्षः॥१४॥
NIL-102	sanatana.in Nīlakaṇṭha vulgate scrape (Devanāgarī)	Mahābhārata (vulgate, Nīlakaṇṭha recension)	MBh 12.1.7	P12_U01_A001_S007	shantiparva	nīlakaṇṭhaḥ	ārṣa	आर्षः	voice — ātmanepada for parasmaipada	taṅ-bhāva	auto	1	nīlakaṇṭhaḥ	पूजामर्घादिकां परिवार्य पर्युपासन् परित उपविष्टवन्तः तङभाव आर्षः ॥७॥
NIL-103	sanatana.in Nīlakaṇṭha vulgate scrape (Devanāgarī)	Mahābhārata (vulgate, Nīlakaṇṭha recension)	MBh 12.11.14	P12_U01_A011_S014	shantiparva	nīlakaṇṭhaḥ	ārṣa	आर्षः	absence of guṇa	guṇa-abhāva	auto	1	nīlakaṇṭhaḥ	आत्मानमिति । दृढवादी दृढनिश्चयः पुमान्यथाऽऽत्मानं इति- एति गुणाभाव आर्षः । यद्देवतारूपं जानीते अयमहमस्मि साम्बशिव इति, तथैवेह लोके शास्त्रे वा सिद्धिस्तत्तद्देवतातादात्म्यरूपा इष्यते, 'तं यथा यथोपासते तथेतः प्रेत्य भवन्ति' इति श्रुतेः । अथाग
NIL-104	sanatana.in Nīlakaṇṭha vulgate scrape (Devanāgarī)	Mahābhārata (vulgate, Nīlakaṇṭha recension)	MBh 12.29.143	P12_U01_A029_S143	shantiparva	nīlakaṇṭhaḥ	chāndasa	च्छान्दसो	elision — segment/syllable	varṇa-lopa	auto	1	nīlakaṇṭhaḥ	त्रिनलोत्सेधान् नल्वः किष्कुचतुःशतमिति पाठं प्रकल्प्य व्याख्यायते- प्राचीनैः । वस्तुतस्तु नल इत्यत्र च्छान्दसो वर्णलोपः ॥१४३॥
NIL-105	sanatana.in Nīlakaṇṭha vulgate scrape (Devanāgarī)	Mahābhārata (vulgate, Nīlakaṇṭha recension)	MBh 12.40.2	P12_U01_A040_S002	shantiparva	nīlakaṇṭhaḥ	ārṣa	आर्षम्	stem vowel — ī for the expected e of the reduplicated perfect	niṣīdatuḥ for niṣedatuḥ	hand	1	nīlakaṇṭhaḥ	निषीदतुरिति निषेदतुरित्यर्थे आर्षम् ॥२॥
NIL-106	sanatana.in Nīlakaṇṭha vulgate scrape (Devanāgarī)	Mahābhārata (vulgate, Nīlakaṇṭha recension)	MBh 12.60.46	P12_U01_A060_S046	shantiparva	nīlakaṇṭhaḥ	ārṣa	आर्षः	elision — case ending	vibhakti-lopa	auto	1	nīlakaṇṭhaḥ	वैश्यग्रहाद्दक्षिणाग्न्यर्थमग्न्यानयनं दृश्यते । यस्मादेवं तस्माद्ब्राह्मणस्त्रिष्वपि वर्णेषु यज्ञः सृष्टो येन स यज्ञस्रष्टा भवतीत्यर्थः । पाठान्तरे वैश्यपदे विभक्तिलोप आर्षः ॥४६॥
NIL-107	sanatana.in Nīlakaṇṭha vulgate scrape (Devanāgarī)	Mahābhārata (vulgate, Nīlakaṇṭha recension)	MBh 12.90.23	P12_U01_A090_S023	shantiparva	nīlakaṇṭhaḥ	ārṣa	आर्षः	transfer — gender	liṅga-vyatyaya	auto	1	nīlakaṇṭhaḥ	असूयात् असूयातः लिङ्गव्यत्यय आर्षः असूयया अतति सततं वर्तत इति वा असूयात् ॥२३॥
NIL-108	sanatana.in Nīlakaṇṭha vulgate scrape (Devanāgarī)	Mahābhārata (vulgate, Nīlakaṇṭha recension)	MBh 12.100.43	P12_U01_A100_S043	shantiparva	nīlakaṇṭhaḥ	ārṣa	आर्षः	elision — case ending	vibhakti-lopa	auto	1	nīlakaṇṭhaḥ	चर्मवतां पुरुषाणामनीकं विभक्तिलोप आर्षः ॥४३॥
NIL-109	sanatana.in Nīlakaṇṭha vulgate scrape (Devanāgarī)	Mahābhārata (vulgate, Nīlakaṇṭha recension)	MBh 12.133.8	P12_U02_A133_S008	shantiparva	nīlakaṇṭhaḥ	ārṣa	आर्षो	transfer — number	vacana-vyatyaya	auto	1	nīlakaṇṭhaḥ	विप्रकृताः कृतविरोधाः शालावृकवत् जिघांसुमेनमेव विन्दन्ति आश्रयन्ति कपटेन हन्तुं प्राप्त्यर्थस्य विन्दते रूपम् आर्षो वचनव्यत्ययः ॥८॥
NIL-110	sanatana.in Nīlakaṇṭha vulgate scrape (Devanāgarī)	Mahābhārata (vulgate, Nīlakaṇṭha recension)	MBh 12.153.39	P12_U02_A153_S039	shantiparva	nīlakaṇṭhaḥ	chāndasa	वचनव्यत्ययश्छान्दसः	transfer — number	vacana-vyatyaya	auto	1	nīlakaṇṭhaḥ	कृथा इति वचनव्यत्ययश्छान्दसः ॥३९॥
NIL-111	sanatana.in Nīlakaṇṭha vulgate scrape (Devanāgarī)	Mahābhārata (vulgate, Nīlakaṇṭha recension)	MBh 12.174.58	P12_U03_A174_S058	shantiparva	nīlakaṇṭhaḥ	ārṣa	आर्षः	transfer — pada (voice/ending)	pada-vyatyaya	auto	1	nīlakaṇṭhaḥ	उन्मत्ता विकारवती । अनुन्मत्तं निर्विकारं कान्तं स्वामिनमन्तर्यामिणम् । अन्ववसं वस आच्छादने आर्षः पदव्यत्ययः । अहङ्कारधर्मं कामादिकमनुलक्षीकृत्य आच्छादितवती । अन्तिके हृदयकोशे रमणम् आनन्दप्रदम् । ’एष ह्येवानन्दं याति' इति श्रुतेः । मरणमित्यपपाठः ॥५८॥
NIL-112	sanatana.in Nīlakaṇṭha vulgate scrape (Devanāgarī)	Mahābhārata (vulgate, Nīlakaṇṭha recension)	MBh 12.175.25	P12_U03_A175_S025	shantiparva	nīlakaṇṭhaḥ	ārṣa	आर्षः	transfer — gender	liṅga-vyatyaya	auto	1	nīlakaṇṭhaḥ	समात्रं गोष्ठमिव गोष्ठं वासस्थानम् । अरण्यं विविक्तदेशः । तद्धि देवानामिन्द्रियाणां गवां गोष्ठमिव बन्धनस्थानं गृहं त्यक्त्वा एकान्ते ध्यानपरो भवेदित्यर्थः । लिङ्गव्यत्यय आर्षः ॥२५॥
NIL-113	sanatana.in Nīlakaṇṭha vulgate scrape (Devanāgarī)	Mahābhārata (vulgate, Nīlakaṇṭha recension)	MBh 12.179.25	P12_U03_A179_S025	shantiparva	nīlakaṇṭhaḥ	ārṣa	आर्षो	non-elision of the case ending	vibhakti-aluk	auto	1	nīlakaṇṭhaḥ	अचलं दृढम् अनिधनं मृत्युविरोधि शुचिम् । आर्षो विभक्त्यलुक् । विदुषां मते ब्रह्मणि प्रविष्टं तत्प्रापकमित्यर्थः । अनभिमतत्वादेवासेवितं मूढैः । आजगरम् अजगरो ह्ययत्नेनैव जीवति तस्येदम् ॥२५॥
NIL-114	sanatana.in Nīlakaṇṭha vulgate scrape (Devanāgarī)	Mahābhārata (vulgate, Nīlakaṇṭha recension)	MBh 12.182.26	P12_U03_A182_S026	shantiparva	nīlakaṇṭhaḥ	ārṣa	आर्षो	elision — segment/syllable	varṇa-lopa	auto	1	nīlakaṇṭhaḥ	एवं तत्तदुपर्यपीत्याह- उपरिष्टेति । आर्षो वर्णलोपः प्रज्वलद्भिर्लोकैरिति शेषः ॥२६॥
NIL-115	sanatana.in Nīlakaṇṭha vulgate scrape (Devanāgarī)	Mahābhārata (vulgate, Nīlakaṇṭha recension)	MBh 12.206.28	P12_U03_A206_S028	shantiparva	nīlakaṇṭhaḥ	ārṣa	आर्षो	transfer — case	vibhakti-vyatyaya	auto	1	nīlakaṇṭhaḥ	। तैः प्रसिद्धेः अकामरूप इति च्छेदः । जलसूर्यन्यायेन मृषैवात्मनि दुःखित्वादिभ्रम इत्याह - ग्लायद्भिर्वा । वाशब्द उपमार्थे ग्लायन्निव आवर्तते लोकद्वये सञ्चरति घटाकाशवत् । आर्षो विभक्तिव्यत्ययः । तथाच सूत्रं - अत एव चोपमा सूर्यं प्रतिकृत्तिकादिवदिति । सूर्यप्रतिकृतिः प्रतिबिम्बसूर्यः आदिपदाद्धटाकाशः तथा चात्मनि भेदं गतिं च वारयन्ति श्रुतयः 'ह्य
NIL-116	sanatana.in Nīlakaṇṭha vulgate scrape (Devanāgarī)	Mahābhārata (vulgate, Nīlakaṇṭha recension)	MBh 12.219.34	P12_U03_A219_S034	shantiparva	nīlakaṇṭhaḥ	ārṣa	आर्षो	matup-sense suffix	matvarthīya	auto	1	nīlakaṇṭhaḥ	ौगपद्यमेवानुपादानस्य मनसः साधकं लिङ्गमाहुस्तेषां गङ्गाह्रदनिमग्नस्य युगपत्सर्वाङ्गीणशैत्यानुभवेन हेतोर्बाध इत्यास्तां तावत्। चित्तस्यापि व्यापिका बुद्धिर्दादशमी द्वादशी, आर्षो मट्प्रत्ययः॥३४॥
NIL-117	sanatana.in Nīlakaṇṭha vulgate scrape (Devanāgarī)	Mahābhārata (vulgate, Nīlakaṇṭha recension)	MBh 12.237.3	P12_U03_A237_S003	shantiparva	nīlakaṇṭhaḥ	ārṣa	आर्षोऽलुक्	case ending — (a)luk	aluk / luk	auto	1	nīlakaṇṭhaḥ	् निरधिष्ठानकां स्वाभाविकीं जगद्भ्रान्तिं वदन् सर्वान् शिष्यान् प्रज्ञया मुक्ताः । ऊहापोहकौशलेन रहिताः हेतवो युक्तयो येषां तान् निर्बुद्धीनित्यर्थः । प्रज्ञयेति तृतीयाया आर्षोऽलुक् । पुष्यते पुष्णाति तादृशेन बोधेन रञ्जयति । अचेतनो मूढः स न किञ्चन तत्त्वं लभते इत्युत्तरेणान्वयः । निरधिष्ठानकभ्रमासंभवात् शून्यवादोऽत्यन्तं हेय इति भावः ॥३॥
NIL-118	sanatana.in Nīlakaṇṭha vulgate scrape (Devanāgarī)	Mahābhārata (vulgate, Nīlakaṇṭha recension)	MBh 12.239.9	P12_U03_A239_S009	shantiparva	nīlakaṇṭhaḥ	ārṣa	आर्षः	elision — case ending	vibhakti-lopa	auto	1	nīlakaṇṭhaḥ	दर्शयन्ति तानि दर्शनीयानि कर्तरि कृत्यः तानि च तानीन्द्रियाणि चेति समासः । विभक्तिलोप आर्षः । आहारः शब्दादिग्रहः ॥९॥
NIL-119	sanatana.in Nīlakaṇṭha vulgate scrape (Devanāgarī)	Mahābhārata (vulgate, Nīlakaṇṭha recension)	MBh 12.261.30	P12_U03_A261_S030	shantiparva	nīlakaṇṭhaḥ	ārṣa	आर्षो	matup-sense suffix	matvarthīya	auto	1	nīlakaṇṭhaḥ	पक्षीन् आर्षो मत्वर्थीय इः ॥३०॥
NIL-120	sanatana.in Nīlakaṇṭha vulgate scrape (Devanāgarī)	Mahābhārata (vulgate, Nīlakaṇṭha recension)	MBh 12.263.37	P12_U03_A263_S037	shantiparva	nīlakaṇṭhaḥ	ārṣa	आर्षः	transfer — number	vacana-vyatyaya	auto	1	nīlakaṇṭhaḥ	े आत्मैव तीर्थं यज्ञभूमिस्तत्र पशवः पशुप्रायाः मन्दमतयो मखं मानसिकं क्रतुं न प्राप्नुयुः । तत्प्राप्तर्बहुपुण्यसाध्यत्वात् । अथ तर्हि प्राप्नुयात् प्राप्नुयुः वचनव्यत्यय आर्षः । तत् कर्म ते तव वाक्यमिति शेषः ॥३७॥
NIL-121	sanatana.in Nīlakaṇṭha vulgate scrape (Devanāgarī)	Mahābhārata (vulgate, Nīlakaṇṭha recension)	MBh 12.269.14	P12_U03_A269_S014	shantiparva	nīlakaṇṭhaḥ	ārṣa	आर्षः	absolutive suffix	ktvā / lyap	auto	1	nīlakaṇṭhaḥ	प्रकाशयति मन्त्रः । 'संगच्छस्व पितृभिः संयमेनेष्टापूर्तेन परमे व्योमन् । हित्वा यावद्यं पुनरस्तमेहि संगच्छस्व तन्वा सुवर्चाः' इति मन्त्रेऽवद्यं जीर्णदेहं हित्वाय हित्वा आर्षः क्त्वो यक् । पितृभिर्यमेन इष्टादिफलेन च स्वर्गे संगतिं संप्राप्य पुनरस्तं गृहं पौत्ररूपेण प्रपौत्ररूपेण वा एहि तन्वा देहेन संगच्छेति पुनर्देहप्राप्तिः प्रकाश्यते । तदिद
NIL-122	sanatana.in Nīlakaṇṭha vulgate scrape (Devanāgarī)	Mahābhārata (vulgate, Nīlakaṇṭha recension)	MBh 12.272.19	P12_U03_A272_S019	shantiparva	nīlakaṇṭhaḥ	ārṣa	आर्षः	absence of the aṭ augment	aḍ-abhāva	auto	1	nīlakaṇṭhaḥ	ननु धर्मस्यापीदृक्छलकरणमयुक्तमित्याशङ्क्याह - तत इति । याजयत अडभाव आर्षः । याजितवान्। भार्यायाः पुष्करधारिण्याः हिंसामययज्ञमनिच्छन्त्याः ॥१९॥
NIL-123	sanatana.in Nīlakaṇṭha vulgate scrape (Devanāgarī)	Mahābhārata (vulgate, Nīlakaṇṭha recension)	MBh 12.280.31	P12_U03_A280_S031	shantiparva	nīlakaṇṭhaḥ	ārṣa	आर्षः	transfer — gender	liṅga-vyatyaya	auto	1	nīlakaṇṭhaḥ	्व्याचष्टे- वाप्य इति द्वाभ्याम् । योजनविस्तृताः । पञ्चशता इति वाक्यशेषाद्विस्तारयोजनसङ्ख्या ज्ञेया आयामतो दैर्घ्यर्तः योजनतः पञ्चशता इति सम्बन्धः । शता इति लिङ्गव्यत्यय आर्षः । पञ्चशतं योजनानीत्यर्थः । अवगाढाः नास्ति अवगाढोऽवगाहो यासां ताः दुरवगाहा इत्यर्थः । भागुरिमतेनावेत्युपसर्गस्याकारलोपं कृत्वा नञ्समासः । अत एव प्रत्येकशः प्रवृद्धाः ॥३१
NIL-124	sanatana.in Nīlakaṇṭha vulgate scrape (Devanāgarī)	Mahābhārata (vulgate, Nīlakaṇṭha recension)	MBh 12.280.35	P12_U03_A280_S035	shantiparva	nīlakaṇṭhaḥ	chāndasa	छान्दसो	elision	lopa	auto	1	nīlakaṇṭhaḥ	। तथा च श्रुतिः - 'स एतमेव पुरुषं ब्रह्म ततममपश्यदिदमदर्शमिति । तस्मादिदन्द्रो नामेदन्द्रो ह वै नाम तमिदन्द्रं सन्तमिन्द्र इत्याचक्षते' इति । ततमं ततममित्येकस्य तकारस्य छान्दसो लोपः । इदं ब्रह्म अदर्शम् अपश्यम् । एतेनेदमिह वाक्यं प्रमाणत्वेन दर्शितम् । इदमेवान्यत्रापि तुल्यमित्याह - गतिरिति । वर्णः सत्त्वादितारतम्यम् । वर्णोऽपि कालकृतः कालः प्
NIL-125	sanatana.in Nīlakaṇṭha vulgate scrape (Devanāgarī)	Mahābhārata (vulgate, Nīlakaṇṭha recension)	MBh 12.284.98	P12_U03_A284_S098	shantiparva	nīlakaṇṭhaḥ	ārṣa	आर्षः	mum augment	mum-āgama	auto	1	nīlakaṇṭhaḥ	वृषाय वृष्टिकर्त्रे वृष्याय वृषो धर्मस्तत्र हिताय धर्मवृद्धिकर्त्रे गोवृषाय नन्दिरूपाय वृषाय धर्माय कटंकटाय कटीगतौ नित्यवीप्सयोरिति द्वित्वम् । मुमागम आर्षः । वाय्वादिरूपेण नित्यं गमनशीलायेत्यर्थः । कालाय वा दण्डाय नियन्त्रे । पचपचाय नित्यं भूतानां पाककर्त्रे कटिपच्योः पचाद्यच् ७ ॥९८॥
NIL-126	sanatana.in Nīlakaṇṭha vulgate scrape (Devanāgarī)	Mahābhārata (vulgate, Nīlakaṇṭha recension)	MBh 12.284.141	P12_U03_A284_S141	shantiparva	nīlakaṇṭhaḥ	ārṣa	आर्षः	absence of puṃvadbhāva	puṃvadbhāva-abhāva	auto	1	nīlakaṇṭhaḥ	लोहिता अन्तर्गता च दृष्टिरस्य पुंवद्भावाभाव आर्षः ७ ॥१४१॥
NIL-127	sanatana.in Nīlakaṇṭha vulgate scrape (Devanāgarī)	Mahābhārata (vulgate, Nīlakaṇṭha recension)	MBh 12.284.153	P12_U03_A284_S153	shantiparva	nīlakaṇṭhaḥ	ārṣa	आर्षः	compound-final / ṭac suffix	samāsānta	auto	1	nīlakaṇṭhaḥ	कामः स्त्र्यभिलाषः बिंदु: रेतोंऽशः पुत्रबीजभूतः स्रजः इति समासान्तष्टच् आर्षः नन्दीति दैर्घ्यमार्षम् अमुख इति च्छेदः १० ॥१५३॥
NIL-128	sanatana.in Nīlakaṇṭha vulgate scrape (Devanāgarī)	Mahābhārata (vulgate, Nīlakaṇṭha recension)	MBh 12.291.12	P12_U03_A291_S012	shantiparva	nīlakaṇṭhaḥ	ārṣa	आर्षः	elision — segment/affix	lopa	auto	1	nīlakaṇṭhaḥ	अहिंसा अहिंसया तृतीयालोप आर्षः । ब्रह्मण इति पाठे वेदसम्बन्धिनः ॥१२॥
NIL-129	sanatana.in Nīlakaṇṭha vulgate scrape (Devanāgarī)	Mahābhārata (vulgate, Nīlakaṇṭha recension)	MBh 12.302.38	P12_U03_A302_S038	shantiparva	nīlakaṇṭhaḥ	ārṣa	आर्षः	elision — segment/affix	lopa	auto	1	nīlakaṇṭhaḥ	पञ्चविंशतिमः तकारलोपः आर्षः । विष्णुः शुद्धचिन्मात्रं स निर्गुणत्वान्निस्तत्वः कथं तर्हि पञ्चविंशतितत्त्वेषु तस्य गणनेत्यत आह - तत्त्वेति । तत्त्वाधिष्ठानत्वादेवास्य तत्त्वसंज्ञा न तु कार्यत्वात्क
NIL-130	sanatana.in Nīlakaṇṭha vulgate scrape (Devanāgarī)	Mahābhārata (vulgate, Nīlakaṇṭha recension)	MBh 12.305.27	P12_U03_A305_S027	shantiparva	nīlakaṇṭhaḥ	ārṣa	आर्षः	elision — segment/affix	lopa	auto	1	nīlakaṇṭhaḥ	गभाव एवमात्मानात्मनोरपीत्याह - एवमिति । दृश्यप्रकाशनेन दृगात्मापि सूर्यवद्वृश्यादन्योऽनुमेय इत्यर्थः । अलिङ्गं शुद्धचिन्मात्रं लिङ्गीत्यर्थः । तदेव पञ्चविंशतितमः तकारलोप आर्षः । लिङ्गेषु नियतात्मक इति लिङ्गलिङ्गिनोर्व्याप्तिर्दर्शिता । ननु शब्दान्तरेण जडाजडयोरयं विषयविषयिभावसम्बन्ध एवोक्तः । न यो हि विषयी स विषयस्य शुभाशुभत्वाभ्यां हर्षविषादा
NIL-131	sanatana.in Nīlakaṇṭha vulgate scrape (Devanāgarī)	Mahābhārata (vulgate, Nīlakaṇṭha recension)	MBh 12.305.38	P12_U03_A305_S038	shantiparva	nīlakaṇṭhaḥ	chāndasa	छान्दसस्त्वन्	kṛtya suffix (tvan)	tvan	auto	1	nīlakaṇṭhaḥ	या योगेन आत्मानं जानन्तोऽपि कुत एवं न निश्चिन्वन्तीत्याशङ्क्याह - तत्त्वेति । तत्त्वं जन्यं निस्तत्त्वं तदन्यदजन्यम् । तनु विस्तारेऽस्मात्कृत्यार्थे तवैकेन्केन्यत्वन इति छान्दसस्त्वन् । निदर्शनम् अनुभवः येऽपि कर्तारमात्मानमाहुस्तेऽपि समाधौ बुद्ध्याद्यभावे आत्मनि कर्तृत्वं न पश्यन्तीति तत्र कर्तृत्वादिकं बुद्ध्यादियोगश्च दृश्यमानोऽपि कादाचित्कत्
NIL-132	sanatana.in Nīlakaṇṭha vulgate scrape (Devanāgarī)	Mahābhārata (vulgate, Nīlakaṇṭha recension)	MBh 12.307.10	P12_U03_A307_S010	shantiparva	nīlakaṇṭhaḥ	chāndasa	सन्धिश्छान्दसः	sandhi	sandhi	auto	1	nīlakaṇṭhaḥ	षरश्चाक्षर एव च' 'उत्तमः पुरुषस्त्वन्यः' इति श्रुतिस्मृत्युक्तं पुंत्रैविध्यमुपेत्य क्षराक्षरयोस्तावद्विभागमाहाक्षरं चेति । अमृतो जीवः अक्षरम् इति श्रुतिपदयोरर्थः सन्धिश्छान्दसः ॥१०॥
NIL-133	sanatana.in Nīlakaṇṭha vulgate scrape (Devanāgarī)	Mahābhārata (vulgate, Nīlakaṇṭha recension)	MBh 12.307.17	P12_U03_A307_S017	shantiparva	nīlakaṇṭhaḥ	ārṣa	आर्षस्तङ्	voice — ātmanepada for parasmaipada	taṅ-bhāva	auto	1	nīlakaṇṭhaḥ	तदेति । यदा त्वसंप्रज्ञाते पुरुषो निर्गुणं प्राप्नोति हे वैदेह वै इति पृथक्पदं वा तदा प्रकृतिरपि क्षरत्वं विनाशित्वं गच्छते आर्षस्तङ् । गुणसंश्रिता महदादिभिः संहिता । तत्र क्षरत्वे हेतुः देहगुणेष्वप्रतिवर्तनादिति देहाश्रितेषु श्रोत्रादिषु प्रतिविषयं वर्तनं तदभावात् ॥१७॥
NIL-134	sanatana.in Nīlakaṇṭha vulgate scrape (Devanāgarī)	Mahābhārata (vulgate, Nīlakaṇṭha recension)	MBh 12.320.36	P12_U03_A320_S036	shantiparva	nīlakaṇṭhaḥ	ārṣa	आर्षः	elision — case ending	vibhakti-lopa	auto	1	nīlakaṇṭhaḥ	वास्येति वास्यसंज्ञकेन शस्त्रेण विभक्तिलोप आर्षः । अल्पं वास्यं वासी तयेति वा ॥३६॥
NIL-135	sanatana.in Nīlakaṇṭha vulgate scrape (Devanāgarī)	Mahābhārata (vulgate, Nīlakaṇṭha recension)	MBh 12.334.5	P12_U03_A334_S005	shantiparva	nīlakaṇṭhaḥ	ārṣa	आर्षो	transfer — gender	liṅga-vyatyaya	auto	1	nīlakaṇṭhaḥ	तर्कया तर्केण आर्षो लिङ्गव्यत्ययः ॥५॥
NIL-136	sanatana.in Nīlakaṇṭha vulgate scrape (Devanāgarī)	Mahābhārata (vulgate, Nīlakaṇṭha recension)	MBh 12.339.13	P12_U03_A339_S013	shantiparva	nīlakaṇṭhaḥ	ārṣa	आर्षः	transfer — pada (voice/ending)	pada-vyatyaya	auto	1	nīlakaṇṭhaḥ	ददृशिरे ददृशुः पदव्यत्यय आर्षः ॥१३॥
NIL-137	sanatana.in Nīlakaṇṭha vulgate scrape (Devanāgarī)	Mahābhārata (vulgate, Nīlakaṇṭha recension)	MBh 12.341.43	P12_U03_A341_S043	shantiparva	nīlakaṇṭhaḥ	ārṣa	आर्षः	absence of the aṭ augment	aḍ-abhāva	auto	1	nīlakaṇṭhaḥ	अधिभूतानि सर्वाणि प्राणिजातानि दिव्यादिव्यानि अन्तेषु देहावसानेषु यद् ब्रह्म इच्छन् । ऐच्छन् अडभाव आर्षः। इच्छितवन्ति तदस्मि सर्वकामप्रपूरकमिति विशेषेण स्नौति प्रस्रवति कामक्षीरमिति वा चकारात्सिंचति जीवनं प्रविशति हृदयं क्रामति कार्यमिति वा विष्णुरित्यर्थः । एतेन 'गच्छन्त्
NIL-138	sanatana.in Nīlakaṇṭha vulgate scrape (Devanāgarī)	Mahābhārata (vulgate, Nīlakaṇṭha recension)	MBh 12.342.77	P12_U03_A342_S077	shantiparva	nīlakaṇṭhaḥ	ārṣa	आर्षं	bha-stem treatment	bhatva	auto	1	nīlakaṇṭhaḥ	वशब्दपूर्वाभ्यां डः । तप्पर्वमरुद्भ्यामित्यत्र श्रुतो मत्वर्थीयस्तप्प्रत्ययो बाहुलकात्सत्त्वशब्दादपि अन्ते तद्धितान्तानुकरणमेव प्रातिपदिकं सत् ब्रह्म तद्वन्तः सत्त्वन्तः आर्षं भत्वम् । तेषामिदं तन्त्रं सात्वतं पाञ्चरात्रादि तज्जन्यज्ञानेन दृष्टोऽहं सात्त्वतो वेत्यभिप्रेत्याह- सत्त्वादिति ॥७७॥
NIL-139	sanatana.in Nīlakaṇṭha vulgate scrape (Devanāgarī)	Mahābhārata (vulgate, Nīlakaṇṭha recension)	MBh 12.351.11	P12_U03_A351_S011	shantiparva	nīlakaṇṭhaḥ	chāndasa	च्छान्दस	absence of the u-substitution	utva-abhāva	auto	1	nīlakaṇṭhaḥ	सत्यमक्षरं जीवाख्यम् अमृतं प्रधानं भोक्तारं भोग्यं च त्यक्त्वेत्यर्थः । 'क्षरं प्रधानममृताक्षरं हरः क्षरात्मानावीशते देव एकः' इति अमृतोऽक्षर इति वक्तव्ये अमृताक्षरमिति च्छान्दस उत्वाद्यभावः ॥११॥
NIL-140	sanatana.in Nīlakaṇṭha vulgate scrape (Devanāgarī)	Mahābhārata (vulgate, Nīlakaṇṭha recension)	MBh 13.3.8	P13_U01_A003_S008	anushasanaparva	nīlakaṇṭhaḥ	ārṣa	आर्षः	elision — anusvāra	anusvāra-lopa	auto	1	nīlakaṇṭhaḥ	नाभिवादयते न नमस्कुर्वन्ति । अनुस्वारलोप आर्षः । देवरातं देवैर्विश्वामित्राय दत्तं तेन च ज्येष्ठं कृतं सन्तम् । शप्ता येनेति शेषः ॥८॥
NIL-141	sanatana.in Nīlakaṇṭha vulgate scrape (Devanāgarī)	Mahābhārata (vulgate, Nīlakaṇṭha recension)	MBh 13.14.99	P13_U01_A014_S099	anushasanaparva	nīlakaṇṭhaḥ	ārṣa	आर्षः	elision — segment/syllable	varṇa-lopa	auto	1	nīlakaṇṭhaḥ	मघवतस्तवैव आत्मानं जीवानामन्तरात्मानमित्यर्थः। मघवात्मानमिति वर्णलोप आर्षः नान्तमेव वा प्रातिपदिकम् ॥९९॥
NIL-142	sanatana.in Nīlakaṇṭha vulgate scrape (Devanāgarī)	Mahābhārata (vulgate, Nīlakaṇṭha recension)	MBh 13.17.83	P13_U01_A017_S083	anushasanaparva	nīlakaṇṭhaḥ	ārṣa	आर्षः	absence of guṇa	guṇa-abhāva	auto	1	nīlakaṇṭhaḥ	४३९ वृषणः वर्षति कर्मफलानीति वृषणो धर्मः गुणाभाव आर्षः यद्वा वृषो धर्मोस्त्यस्मिन्निति वृषणः पामादित्वान्न प्रत्ययः।
NIL-143	sanatana.in Nīlakaṇṭha vulgate scrape (Devanāgarī)	Mahābhārata (vulgate, Nīlakaṇṭha recension)	MBh 13.17.91	P13_U01_A017_S091	anushasanaparva	nīlakaṇṭhaḥ	ārṣa	आर्षः	pūrvasavarṇa (case-ending fusion)	pūrvasavarṇa	auto	1	nīlakaṇṭhaḥ	५०२ गण्ड इव गण्डो भूमेरुच्छूनप्रदेशः क्षुद्रशैलास्तेषु लीयते गच्छतीति गण्डलीः गण्डशब्दपूर्वात् ली गतावस्मात् क्विप्। विभक्तिलोपः सुपां सुलुगिति पूर्वसवर्णो वा आर्षः।
NIL-144	sanatana.in Nīlakaṇṭha vulgate scrape (Devanāgarī)	Mahābhārata (vulgate, Nīlakaṇṭha recension)	MBh 13.17.110	P13_U01_A017_S110	anushasanaparva	nīlakaṇṭhaḥ	ārṣa	आर्षम्	stem-final vowel (a-stem)	adantatva	auto	1	nīlakaṇṭhaḥ	६६६ वणिजो वणिक् अकारान्तत्म् आर्षम्।
NIL-145	sanatana.in Nīlakaṇṭha vulgate scrape (Devanāgarī)	Mahābhārata (vulgate, Nīlakaṇṭha recension)	MBh 13.17.120	P13_U01_A017_S120	anushasanaparva	nīlakaṇṭhaḥ	ārṣa	आर्षः	elision — case ending	vibhakti-lopa	auto	1	nīlakaṇṭhaḥ	७४३ नित्य आत्मसहायः च इत्येकं नाम नित्यश्चासावात्मसहायश्चेति समासे विभक्त्यलोपः आर्षः।
NIL-146	sanatana.in Nīlakaṇṭha vulgate scrape (Devanāgarī)	Mahābhārata (vulgate, Nīlakaṇṭha recension)	MBh 13.26.91	P13_U01_A026_S091	anushasanaparva	nīlakaṇṭhaḥ	ārṣa	आर्षः	absence of the num augment	num-abhāva	auto	1	nīlakaṇṭhaḥ	ा योनिः परमकारणं विरजा निर्मला वितन्वी विशेषेण तन्वी सूक्ष्मा । शय्या दीर्घनिद्रातल्पः 'मरणं जाह्नवीतटे' इति वचनात् अचिरा शीघ्रा विश्वावती विश्वम् अवन्ती पालयन्ती नुमभाव आर्षः । आकृतिः सत्तासामान्यरूपा । 'आकृतिस्तु स्त्रियां रूपे सामान्यवपुषोरपि' (तान्ते ९४) इति मेदिनी इष्टसिद्धा इष्टाः सिद्धाः यस्याः सा सिद्धानामिष्टा इति वा उक्षितानां स्नात
NIL-147	sanatana.in Nīlakaṇṭha vulgate scrape (Devanāgarī)	Mahābhārata (vulgate, Nīlakaṇṭha recension)	MBh 13.92.12	P13_U01_A092_S012	anushasanaparva	nīlakaṇṭhaḥ	ārṣa	आर्षः	absence of saṃprasāraṇa	saṃprasāraṇa-abhāva	auto	1	nīlakaṇṭhaḥ	निवप्ते दत्ते सम्प्रसारणाभाव आर्षः। औणादिकस्तन्प्रत्ययो वा ॥१२ ॥
NIL-148	sanatana.in Nīlakaṇṭha vulgate scrape (Devanāgarī)	Mahābhārata (vulgate, Nīlakaṇṭha recension)	MBh 13.93.98	P13_U01_A093_S098	anushasanaparva	nīlakaṇṭhaḥ	ārṣa	आर्षोऽडभावश्च	absence of the aṭ augment	aḍ-abhāva	auto	1	nīlakaṇṭhaḥ	भक्षणे यङ्लुकि शत्रन्तस्य रूपम् । इज्यन्ते देवता अस्मिन्निति यजोऽग्निः । तेषां जान आविर्भावस्तस्मिन् जिजायिषि जातोऽस्मि। जनेर्यङन्तात्सनि लुङात्मनेपदे उत्तमपुरुषैकवचनम् आर्षोऽडभावश्च । इहलोके अतो मां जिजाहि जानीहि । अतो योगात् मां जमदग्निरिति नामतो विद्धि । जाजमदित्यत्राद्यपदे प्रथमाक्षरलोपे द्वितीयस्याग्नित्वे जमदग्निरिति सिद्धम् । जिजाहीत्
NIL-149	sanatana.in Nīlakaṇṭha vulgate scrape (Devanāgarī)	Mahābhārata (vulgate, Nīlakaṇṭha recension)	MBh 13.99.7	P13_U01_A099_S007	anushasanaparva	nīlakaṇṭhaḥ	ārṣa	आर्षं	gender — feminine	strītva	auto	1	nīlakaṇṭhaḥ	लाजाभिः आर्षं स्त्रीत्वम् ॥७ ॥
NIL-150	sanatana.in Nīlakaṇṭha vulgate scrape (Devanāgarī)	Mahābhārata (vulgate, Nīlakaṇṭha recension)	MBh 13.110.3	P13_U01_A110_S003	anushasanaparva	nīlakaṇṭhaḥ	ārṣa	आर्षः	transfer — case	vibhakti-vyatyaya	auto	1	nīlakaṇṭhaḥ	यवेषु नक्षत्राणि न्यसेत् पादौ मूलेनेत्यादिना स्वदेवतासहितेन मूलेन चन्द्रस्य पादौ कल्पयेदित्यर्थः । एवं रोहिण्यादिभिः सदेवताभिर्जंघादयः कल्पनीयाः । सर्वत्र विभक्तिव्यत्यय आर्षः ॥३॥
NIL-151	sanatana.in Nīlakaṇṭha vulgate scrape (Devanāgarī)	Mahābhārata (vulgate, Nīlakaṇṭha recension)	MBh 13.118.4	P13_U01_A118_S004	anushasanaparva	nīlakaṇṭhaḥ	ārṣa	आर्षः	elision — segment/syllable	varṇa-lopa	auto	1	nīlakaṇṭhaḥ	तिर्यगा इत्यत्र वर्णलोप आर्षः । सिद्धा इत्यर्थः । धर्मोऽपि मनुष्येषु मूढेषु कामार्थः काम्य एवास्ति न तु निष्कामः एवं गुणा अपि कामार्था एव ॥४॥
GITA-001	GRETIL sa_bhagavadgItA-4comm (TEI, IAST)	Bhagavadgītā with four commentaries	BhG 4.24	BhG 4.24		baladevaḥ	chāndasa	chāndasaḥ	elision (lopa)		probe	1	baladevaḥ	api brahmaiva | tac ca havir homādhāre 'gnau brahmaṇi yajamānenādhvaryuṇā ca brahmaṇā hutaṃ tyaktaṃ prakṣiptaṃ ca | agnir yajamāno 'dhvaryuś ca brahmaivety arthaḥ | brahmāgnāv ity atra ṇi-kāra-lopaś chāndasaḥ | na ca samastaṃ padam iti vācyam | agnau brahma-dṛṣṭer vidheyatvād itthaṃ ca brahma-rūpe sāṅge karmaṇi samādh
GITA-002	GRETIL sa_bhagavadgItA-4comm (TEI, IAST)	Bhagavadgītā with four commentaries	BhG 6.25	BhG 6.25		madhusūdanaḥ	chāndasa	cchāndasaṃ	vowel lengthening		probe	1	madhusūdanaḥ	t | nānudhyāyād bahūn śabdān vāco viglāpanaṃ hi tat [BAU 4.4.21] iti śruteḥ | vāg-vṛtti-nirodhena mano-vṛtti-mātra-śeṣo bhaved ity arthaḥ | cakṣur-ādi-nirodho 'py etasyāṃ bhūmau draṣṭavyaḥ | manasīti cchāndasaṃ dairghyam | tan manaḥ karmedriya-jñānendriya-sahakāri nana-vidha-vikalpa-sādhanaṃ karaṇaṃ jñāne jānātīti jñān
GITA-003	GRETIL sa_bhagavadgItA-4comm (TEI, IAST)	Bhagavadgītā with four commentaries	BhG 6.39	BhG 6.39		baladevaḥ	ārṣa	ārṣam	gender (neuter)		probe	1	baladevaḥ	sambhavati tasmāt tvam eva pratyakṣa-darśī sarvasya parama-guruḥ saṃśayam etaṃ mama cchettum arhasīty arthaḥ ||39|| viśvanāthaḥ : etad etam ||39|| baladevaḥ : etad iti klībtvam ārṣam | tvad iti sarveśvarāt sarvajñatvatto 'nyo 'nīśvaro 'lpajñaḥ kaścid ṛṣiḥ ||39|| BhG 6.40
GITA-004	GRETIL sa_bhagavadgItA-4comm (TEI, IAST)	Bhagavadgītā with four commentaries	BhG 9.3	BhG 9.3		baladevaḥ	ārṣa	ārṣī	case (genitive for the expected case)		probe	1	baladevaḥ	ṇa-prabandhena nāraki-tiryag-ādi-yoniṣv eva bhramantīty arthaḥ ||3|| viśvanāthaḥ --- nanv evam asyātisukha-karatve sati ko nāma saṃsārī syāt | tatrāha aśraddadhānā iti | asyeti karmaṇi ṣaṣṭhī ārṣī | imaṃ dharmam aśraddadhānāḥ śāstra-vākyaiḥ pratipāditaṃ bhakteḥ sarvotkarṣaṃ stuty-artha-vādam eva manyamānā āstik
GITA-005	GRETIL sa_bhagavadgItA-4comm (TEI, IAST)	Bhagavadgītā with four commentaries	BhG 10.24	BhG 10.24		viśvanāthaḥ	ārṣa	ārṣam	unclassified		probe	2	baladevaḥ; viśvanāthaḥ	| senānīnām senāpatīnāṃ madhye deva-senāpatiḥ skando guho 'ham asmi | sarasām deva-khāta-jalāśayānāṃ madhye sāgaraḥ sagara-putraiḥ khāto jalāśayo 'ham asmi ||24|| viśvanāthaḥ : senānīnām ity ārṣam | skandhaḥ kārtikeyaḥ ||24|| baladevaḥ : indrasya sarva-rāja-mukhyatvāt tat-purohitaṃ bṛhaspatiṃ sarva-pat
GITA-006	GRETIL sa_bhagavadgItA-4comm (TEI, IAST)	Bhagavadgītā with four commentaries	BhG 10.24	BhG 10.24		baladevaḥ	ārṣa	ārṣaḥ	augment		probe	2	baladevaḥ; viśvanāthaḥ	ndhaḥ kārtikeyaḥ ||24|| baladevaḥ : indrasya sarva-rāja-mukhyatvāt tat-purohitaṃ bṛhaspatiṃ sarva-patiṃ rāja-purohitānāṃ mukhyaṃ māṃ viddhīti so 'ham ity arthaḥ | senānīnām iti nuḍāgamanas tv ārṣaḥ | sarva-rāja-senānāṃ madhye skandaḥ kārttikeyo 'ham | sarasām sthira-jalānāṃ madhye sāgaro 'ham ||24||
GITA-007	GRETIL sa_bhagavadgItA-4comm (TEI, IAST)	Bhagavadgītā with four commentaries	BhG 10.29	BhG 10.29		baladevaḥ	ārṣa	ārṣaḥ	unclassified		probe	1	baladevaḥ	nāgānām aneka-śirasāṃ madhye 'nantaḥ śeṣo 'ham | yādasām jala-jantūnām adhipo varuṇo 'ham | pitṝṇām rājāryamākhyaḥ pitṛ-devo 'ham | saṃyamatām daṇḍayatāṃ madhye nyāya-daṇḍa-kṛt yamo 'haṃ chādeśābhāva ārṣaḥ ||29|| BhG 10.30 prahlādaś cāsmi daityānāṃ kālaḥ kalayatām aham | mṛgāṇā
GITA-008	GRETIL sa_bhagavadgItA-4comm (TEI, IAST)	Bhagavadgītā with four commentaries	BhG 11.8	BhG 11.8		madhusūdanaḥ	chāndasa	chāndas	unclassified		probe	1	madhusūdanaḥ	iva prākṛtena sva-cakṣuṣā svabhāva-siddhena cakṣuṣā māṃ divya-rūpaṃ draṣṭum na tu śakyase na śaknoṣi tu eva | śakyasa iti pāṭhe śakto na bhaviṣyasīty arthaḥ | sauvādikasyāpi śaknoter daivādikaḥ śyaṃś chāndas iti vā | divādau pāṭho vety eva sāpradāyikam | tarhi tvāṃ draṣṭuṃ kathaṃ śaknuyām ata āha divyam aprākṛt
GITA-009	GRETIL sa_bhagavadgItA-4comm (TEI, IAST)	Bhagavadgītā with four commentaries	BhG 11.35	BhG 11.35		viśvanāthaḥ	ārṣa	ārṣam	unclassified		probe	2	baladevaḥ; viśvanāthaḥ	mpatvādir vikāraḥ sa-gadgadas tad-yuktaṃ yathā syāt | bhīta-bhīto 'tiśayena bhītaḥ san pūrvaṃ namaskṛtya punar api praṇamyātyanta-namro bhūtvāheti sambandhaḥ ||35|| viśvanāthaḥ : namaskṛtvety ārṣam ||35|| baladevaḥ : tato yad abhūt tat saṃjaya uvāca etad iti | keśavasyaitat padya-trayātmakaṃ vacanaṃ śru
GITA-010	GRETIL sa_bhagavadgItA-4comm (TEI, IAST)	Bhagavadgītā with four commentaries	BhG 11.35	BhG 11.35		baladevaḥ	ārṣa	ārṣam	unclassified		probe	2	baladevaḥ; viśvanāthaḥ	baladevaḥ : tato yad abhūt tat saṃjaya uvāca etad iti | keśavasyaitat padya-trayātmakaṃ vacanaṃ śrutvā kirīṭī pārthaḥ vepamāno 'tyadbhutātyugra-rūpa-darśanajena sambhrameṇa sakampaḥ | namakṣṭvety ārṣam | kṛṣṇaṃ namaskṛtya, punaḥ praṇamya, bhīta-bhīto 'tibhayākulaḥ san bhūyaḥ punaar apy āha sa-gadgadaṃ gadgadena kaṇ
GITA-011	GRETIL sa_bhagavadgItA-4comm (TEI, IAST)	Bhagavadgītā with four commentaries	BhG 11.37	BhG 11.37		viśvanāthaḥ	ārṣa	ārṣam	voice (ātmanepada for parasmaipada)		probe	2	baladevaḥ; viśvanāthaḥ	yac-chabdāt prāk-ca-kāram api kecit paṭhanti | etair hetubhis tvāṃ sarve namasyantīti na kim api citram ity arthaḥ ||37|| viśvanāthaḥ : te kasmān na nameran, api tu namerann eva | ātmanepadam ārṣam | sat-kāryam asat-kāraṇaṃ ca tābhyāṃ paraṃ yad akṣaraṃ brahma tat tvam ||37|| baladevaḥ : atha bhagavataḥ
GITA-012	GRETIL sa_bhagavadgItA-4comm (TEI, IAST)	Bhagavadgītā with four commentaries	BhG 11.37	BhG 11.37		baladevaḥ	chāndasa	chāndasam	voice (ātmanepada for parasmaipada)		probe	2	baladevaḥ; viśvanāthaḥ	smāc ceti caturbhiḥ | he mahātman udāra-mate ! he ananta sarva-vyāpin ! he deveśa sarva-deva-niyantaḥ ! he jagannivāsa sarvāśraya ! te siddha-saṅghās te tubhyaṃ kasmād dhetor na nameran ? ātmanepadaṃ chāndasam | api tu praṇameyur eva te | kīdṛśāyety āha | brahmaṇo 'py garīyase gurutarāya yasmād ādi-kartre tattva-sṛṣṭi-
GITA-013	GRETIL sa_bhagavadgItA-4comm (TEI, IAST)	Bhagavadgītā with four commentaries	BhG 11.41	BhG 11.41		śrīdharaḥ	ārṣa	ārṣam	sandhi		probe	3	baladevaḥ; viśvanāthaḥ; śrīdharaḥ	aṃ kṣamāpayati sakhetīti dvyābhyām | tvaṃ prākṛteḥ sakhety evaṃ matvā prasabhaṃ haṭhāt tiraskāreṇa yad uktaṃ tat kṣāmaye tvām ity uttareṇānvayaḥ | kiṃ tat ? he kṛṣṇa he yādava he sakheti ca | sandhir ārṣam | prasabhoktau hetuḥ - tava mahimānaṃ idaṃ ca viśva-rūpam ajānatā ca mayā pramādāt praṇayena snehena yad uktam iti
GITA-014	GRETIL sa_bhagavadgItA-4comm (TEI, IAST)	Bhagavadgītā with four commentaries	BhG 11.41	BhG 11.41		viśvanāthaḥ	ārṣa	ārṣaḥ	sandhi		probe	3	baladevaḥ; viśvanāthaḥ; śrīdharaḥ	| tvaṃ vasudeva-nāmno narasyārdharathatvenāpy aprasiddhasya putraḥ kṛṣṇa iti prasiddhaḥ | he yādaveti | yadu-vaṃśasya tava nāsti rājatvaṃ, mama tu puru-vaṃśasyāsty eva rājatvam | he sakheti | sandhir ārṣaḥ | tad api tvayā saha mama yat sakhyaṃ tatra tava paitrika-prabhāvo na hetuḥ | nāpi kaulikaḥ | kintu tāvaka evety a
GITA-015	GRETIL sa_bhagavadgItA-4comm (TEI, IAST)	Bhagavadgītā with four commentaries	BhG 11.41	BhG 11.41		baladevaḥ	chāndasa	chāndasaḥ	sandhi		probe	3	baladevaḥ; viśvanāthaḥ; śrīdharaḥ	nubhavatā mayā pramādād anavadhānataḥ praṇayena sakhya-premṇā vā yat tvāṃ prati prasabhaṃ haṭhād uktam | tad idānīṃ kṣāmaye kṣamayāmi | kiṃ tad iti cet tatrāha he kṛṣṇety ādi | sakhetīty atra sandhiś chāndasaḥ | etāni trīṇi sambodhanāny anādara-garbhāṇi he kṛṣṇety atra śrī-pūrvakatvābhāvāt | he yādavety atra rājya-vaṃś
GITA-016	GRETIL sa_bhagavadgItA-4comm (TEI, IAST)	Bhagavadgītā with four commentaries	BhG 11.44	BhG 11.44		madhusūdanaḥ	chāndasa	chāndasaḥ	sandhi		probe	2	madhusūdanaḥ; viśvanāthaḥ	! piteva putrasyāparādhaṃ sakheva sakhyur aparādhaṃ priyaḥ priyāyāḥ pativratāyā aparādhaṃ mamāparādhaṃ tvaṃ soḍhum kṣantum arhasi ananya-śaraṇatvān mama | priyāyārhasīty atreva-śabda-lopaḥ sandhiś ca chāndasaḥ ||44|| viśvanāthaḥ : kāyaṃ praṇidhāya bhūmau daṇḍavan nipātya priyāyārhasīti sandhir ārṣaḥ ||44||
GITA-017	GRETIL sa_bhagavadgItA-4comm (TEI, IAST)	Bhagavadgītā with four commentaries	BhG 11.44	BhG 11.44		viśvanāthaḥ	ārṣa	ārṣaḥ	sandhi		probe	2	madhusūdanaḥ; viśvanāthaḥ	tvaṃ soḍhum kṣantum arhasi ananya-śaraṇatvān mama | priyāyārhasīty atreva-śabda-lopaḥ sandhiś ca chāndasaḥ ||44|| viśvanāthaḥ : kāyaṃ praṇidhāya bhūmau daṇḍavan nipātya priyāyārhasīti sandhir ārṣaḥ ||44|| baladevaḥ : yasmād evaṃ tasmād iti | kāyaṃ bhūmau praṇidhāya praṇamyeti sāṣṭāṅgaṃ praṇatiṃ kṛtvā |
GITA-018	GRETIL sa_bhagavadgItA-4comm (TEI, IAST)	Bhagavadgītā with four commentaries	BhG 11.48	BhG 11.48		madhusūdanaḥ	chāndasa	chāndasaḥ	visarga elision		probe	3	baladevaḥ; madhusūdanaḥ; viśvanāthaḥ	a-cāndrāyaṇādibhir ugraiḥ kāyendriya-śoṣakatvena duṣkarair evaṃ-rūpo 'haṃ na śakyo nṛ-loke manuṣya-loke draṣṭuṃ tvad-anyena mad-anugraha-hīnena he kuru-pravīra ! śakyo 'ham iti vaktavye visarga-lopaś chāndasaḥ | pratyekaṃ na-kārābhyāso niṣedha-dāḍhyāya | na ca kriyābhir ity atra ca-kārād anukta-sādhanāntara-samuccayaḥ
GITA-019	GRETIL sa_bhagavadgItA-4comm (TEI, IAST)	Bhagavadgītā with four commentaries	BhG 11.48	BhG 11.48		viśvanāthaḥ	ārṣa	ārṣau	unclassified		probe	3	baladevaḥ; madhusūdanaḥ; viśvanāthaḥ	||48|| viśvanāthaḥ : tubhyaṃ darśitam idaṃ rūpaṃ tu vedādi-sādhanair api durlabham ity āha na vedeti | tvatto 'nyena na kenāpy aham evaṃrūpo draṣṭuṃ śakyaḥ | śakyo 'ham iti | yad-dvaya-lopāv ārṣau | tasmād alabhya-lābham ātmano matvā tvam asminn eveśvare, sarva-durlabhe rūpe mano-niṣṭhāṃ kuru | etad-rūpaṃ dṛṣṭ
GITA-020	GRETIL sa_bhagavadgItA-4comm (TEI, IAST)	Bhagavadgītā with four commentaries	BhG 11.48	BhG 11.48		baladevaḥ	chāndasa	chāndasaḥ	visarga elision		probe	3	baladevaḥ; madhusūdanaḥ; viśvanāthaḥ	eto vidyā vā tapasānvitā | mad-bhaktyāpetam ātmānaṃ na samyak prapunāti hi || iti | tvayā tu bhaktimatā dṛṣṭa evāham anyaiś ca bhaktimadbhir devādibhiḥ | śakyo 'ham iti vaktavye visarga-lopaś chāndasaḥ | na-kārābhyāso niṣedhāḍhyārthaḥ | nṛ-loke ity uktes tal-loke tad-bhaktā devā bahavas tad draṣṭuṃ śaknuvantīty
GITA-021	GRETIL sa_bhagavadgItA-4comm (TEI, IAST)	Bhagavadgītā with four commentaries	BhG 12.8	BhG 12.8		baladevaḥ	chāndasa	chāndasam	unclassified		probe	1	baladevaḥ	mana ādhatsva mat-smaraṇaṃ kurv ity arthaḥ | tathā buddhiṃ vivekavatīṃ niveśaya man-mananaṃ kurv ity arthaḥ | tac ca mananaṃ dhyāna-pratipādaka-śāstra-vākyānuśīlanam | tataś ca mayy eva nivasiṣyasīti chāndasam | mat-samīpa eva nivāsaṃ prāpnoṣīty arthaḥ ||8|| baladevaḥ -- yasmād evaṃ tasmāt tvaṃ mayy eva na tu s
GITA-022	GRETIL sa_bhagavadgItA-4comm (TEI, IAST)	Bhagavadgītā with four commentaries	BhG 13.12	BhG 13.12		śrīdharaḥ	chāndasa	chāndasaḥ	suffix (matup)		probe	1	śrīdharaḥ	d vakṣyamāṇaṃ jñātvāmṛtaṃ mokṣaṃ prāpnoti | kiṃ tat anādimat | ādiman na bhavati iti anādimat | paraṃ niratiśayaṃ brahma | anādi ity etāvataiva bahuvrīhiṇānādimattve siddhe 'pi punar matupaḥ prayogaś chāndasaḥ | yad vā anādīti mat-param iti ca pada-dvayam | mam viṣṇoḥ paraṃ nirviśeṣaṃ rūpaṃ brahmety arthaḥ | tad evāha
GITA-023	GRETIL sa_bhagavadgItA-4comm (TEI, IAST)	Bhagavadgītā with four commentaries	BhG 14.22	BhG 14.22		viśvanāthaḥ	ārṣa	ārṣam	gender (neuter)		probe	1	viśvanāthaḥ	hāyathaṃ sampravṛttāni svataḥ-prāptāni duḥkha-buddhyā yo na dveṣṭi | guṇa-kāryāṇy etāni nivṛttāni ca sukha-buddhyā yo na kāṅkṣati, sa guṇātīta ucyate iti caturthenānvayaḥ | sampravṛttānīti klīb-antam ārṣam ||22|| baladevaḥ : yadyapi sthita-prajñasya kā bhāṣā ity ādinā pṛṣṭam idaṃ prajahāti yadā kāmān ity ādinot
GITA-024	GRETIL sa_bhagavadgItA-4comm (TEI, IAST)	Bhagavadgītā with four commentaries	BhG 14.23	BhG 14.23		śrīdharaḥ	ārṣa	ārṣam	voice (parasmaipada for ātmanepada)		probe	2	viśvanāthaḥ; śrīdharaḥ	air guṇa-kāryaiḥ sukha-duḥkhādibhir na yo vicālyate svarūpān na pracyavate api tu guṇā eva svakāryeṣu vartante | etair mama sambandha eva nāstīti viveka-jñānena yas tuṣṇīm avatiṣṭhati | parasmaipadam ārṣam | neṅgate na calati ||23|| madhusūdanaḥ : evaṃ lakṣ HERE viśvanāthaḥ : kim ācāraḥ iti dvitīya-praś
GITA-025	GRETIL sa_bhagavadgItA-4comm (TEI, IAST)	Bhagavadgītā with four commentaries	BhG 14.23	BhG 14.23		viśvanāthaḥ	ārṣa	ārṣam	voice (parasmaipada for ātmanepada)		probe	2	viśvanāthaḥ; śrīdharaḥ	ḥ sukha-duḥkhādibhir yo na vicālyate svarūpāvasthān na cyavate, api tu guṇa eva sva-sva-kāryeṣu vartanta ity eveti ebhir mama sambandha eva nāstīti viveka-jñānena yas tūṣṇīm avatiṣṭhati parasmaipadam ārṣam | neṅgate na kvāpi daihika-kṛtye yatate | guṇātītaḥ sa ucyate iti guṇātītasya etāni cihnāni etān ācārāṃś ca dṛṣṭva
GITA-026	GRETIL sa_bhagavadgItA-4comm (TEI, IAST)	Bhagavadgītā with four commentaries	BhG 16.1	BhG 16.1		śrīdharaḥ	ārṣa	ārṣaḥ	elision (lopa)		probe	2	baladevaḥ; śrīdharaḥ	citte kṣobhānutpattiḥ | tyāga audāryam | śāntiś cittoparatiḥ | paiśunaṃ parokṣe para-doṣa-prakāśanam | tad-varjanam apaiśunam | bhūteṣu dīneṣu dayā | alolupatam alolupatvaṃ lobhābhāvaḥ | avarṇa-lopa ārṣaḥ | mārdavaṃ mṛdutvam akrūratā | hrīr akārya-pravṛttau loka-lajjā | acāpalaṃ vyartha-kriyā-rāhityam ||2|| ki
GITA-027	GRETIL sa_bhagavadgItA-4comm (TEI, IAST)	Bhagavadgītā with four commentaries	BhG 16.1	BhG 16.1		baladevaḥ	chāndasa	chāndasaḥ	elision (lopa)		probe	2	baladevaḥ; śrīdharaḥ	kopasya nirodhaḥ | tyāgo durukter api tatrāprakāśaḥ | śāntir manasaḥ saṃyamaḥ | apaiśunaṃ parokṣe parānartha-kāri-vākyāprakāśanam | bhūteṣu dayā tad-duḥkhāsahiṣṇutā | aloluptvaṃ nirlobhatā | pa-lopaś chāndasaḥ | mārdavaṃ komalatvam sat-pātra-saṅga-vicchedāsahanam | hrīr vikarmaṇi lajjā | acāpalaṃ vyartha-kriyā-viraha i
