row_id	locus	locus_id	parva	deviation_type	deviation_term_sa	classification	term_tokens_slp1	matched_sutra_ids	match_kind	matched_sutra_texts_slp1
NIL-001	MBh 1.1.50	P01_U01_A001_S050	adiparva	absence of sandhi	asandhi	auto	asanDi			
NIL-002	MBh 1.2.10	P01_U02_A002_S010	adiparva	elision — reduplication syllable	abhyāsa-lopa	auto	aByAsa,lopa	1.1.60;1.3.9;3.4.97;4.1.133;5.4.146;6.4.48;6.4.64;6.4.98;7.2.90;7.2.113	word	adarSanaM lopaH | tasya lopaH | itaSca lopaH parasmEpadezu | Qaki lopaH | kakudasyAvasTAyAM lopaH
NIL-003	MBh 1.3.62	P01_U03_A003_S062	adiparva	absence of the num augment	num-abhāva	auto	num	7.1.58	word	idito num DAtoH
NIL-004	MBh 1.3.66	P01_U03_A003_S066	adiparva	transfer (vyatyaya)	vyatyaya	auto	vyatyaya			
NIL-005	MBh 1.3.67	P01_U03_A003_S067	adiparva	gender — neuter	klībatva	auto	klIbatva			
NIL-006	MBh 1.3.142	P01_U03_A003_S142	adiparva	elision — initial segment	ādi-lopa	auto	Adi,lopa	1.1.60;1.3.9;3.4.97;4.1.133;5.4.146;6.1.187;6.2.27;6.4.48;6.4.64;6.4.98	word	adarSanaM lopaH | tasya lopaH | itaSca lopaH parasmEpadezu | Qaki lopaH | kakudasyAvasTAyAM lopaH
NIL-007	MBh 1.24.11	P01_U05_A024_S011	adiparva	absence of the aṭ augment	aḍ-abhāva	auto	aq	1.4.1;2.1.3;2.2.38;2.3.16;2.4.12;2.4.27;3.3.142;4.1.99;4.1.140;4.2.9	substring	A kaqArAdekA saMjYA | prAk kaqArAt samAsaH | kaqArAH karmaDAraye | namaHsvastisvAhAsvaDAlamvazaqyogAcca | viBAzA vfkzamfgatfRaDAnyavyaYjanapaSuSakunyaSvavaqavapUrvAparADarottarARAm
NIL-008	MBh 1.32.24	P01_U05_A032_S024	adiparva	absence of the āṭ augment	āḍ-abhāva	hand	Aq	3.2.30;3.2.55;3.4.92;4.1.142;4.2.9;4.2.20;4.2.42;4.2.88;4.3.42;4.3.94	substring	nAqImuzwyoSca | pARiGatAqaGO Silpini | Aquttamasya picca | duzkulAqQak | vAmadevAqqyaqqyO
NIL-009	MBh 1.56.4	P01_U05_A056_S004	adiparva	elision — reduplication syllable	abhyāsa-lopa	auto	aByAsa,lopa	1.1.60;1.3.9;3.4.97;4.1.133;5.4.146;6.4.48;6.4.64;6.4.98;7.2.90;7.2.113	word	adarSanaM lopaH | tasya lopaH | itaSca lopaH parasmEpadezu | Qaki lopaH | kakudasyAvasTAyAM lopaH
NIL-010	MBh 1.74.117	P01_U07_A074_S117	adiparva	absence of an expected elision	lopa-abhāva	auto	lopa	1.1.60;1.3.9;3.4.97;4.1.133;5.4.146;6.4.48;6.4.64;6.4.98;7.2.90;7.2.113	word	adarSanaM lopaH | tasya lopaH | itaSca lopaH parasmEpadezu | Qaki lopaH | kakudasyAvasTAyAM lopaH
NIL-011	MBh 1.76.38	P01_U07_A076_S038	adiparva	absolutive suffix	ktvā / lyap	auto	ktvA,lyap	1.2.7;1.2.18;1.2.22;2.2.22;3.4.18;7.1.37	word	mfqamfdaguDakuzakliSavadavasaH ktvA | na ktvA sew | pUNaH ktvA ca | ktvA ca | alaNKalvoH pratizeDayoH prAcAM ktvA
NIL-012	MBh 1.91.5	P01_U07_A091_S005	adiparva	elision — segment/affix	lopa	auto	lopa	1.1.60;1.3.9;3.4.97;4.1.133;5.4.146;6.4.48;6.4.64;6.4.98;7.2.90;7.2.113	word	adarSanaM lopaH | tasya lopaH | itaSca lopaH parasmEpadezu | Qaki lopaH | kakudasyAvasTAyAM lopaH
NIL-013	MBh 1.93.23	P01_U07_A093_S023	adiparva	elision — reduplication syllable	abhyāsa-lopa	auto	aByAsa,lopa	1.1.60;1.3.9;3.4.97;4.1.133;5.4.146;6.4.48;6.4.64;6.4.98;7.2.90;7.2.113	word	adarSanaM lopaH | tasya lopaH | itaSca lopaH parasmEpadezu | Qaki lopaH | kakudasyAvasTAyAM lopaH
NIL-014	MBh 1.94.39	P01_U07_A094_S039	adiparva	absence of the aṭ augment	aḍ-abhāva	auto	aq	1.4.1;2.1.3;2.2.38;2.3.16;2.4.12;2.4.27;3.3.142;4.1.99;4.1.140;4.2.9	substring	A kaqArAdekA saMjYA | prAk kaqArAt samAsaH | kaqArAH karmaDAraye | namaHsvastisvAhAsvaDAlamvazaqyogAcca | viBAzA vfkzamfgatfRaDAnyavyaYjanapaSuSakunyaSvavaqavapUrvAparADarottarARAm
NIL-015	MBh 1.119.15	P01_U07_A119_S015	adiparva	elision — case ending	vibhakti-lopa	auto	viBakti,lopa	1.1.60;1.3.9;3.4.97;4.1.133;5.3.1;5.4.146;6.4.48;6.4.64;6.4.98;7.2.90	word	adarSanaM lopaH | tasya lopaH | itaSca lopaH parasmEpadezu | Qaki lopaH | prAgdiSo viBaktiH
NIL-016	MBh 1.120.3	P01_U07_A120_S003	adiparva	absence of the aṭ augment	aḍ-abhāva	auto	aq	1.4.1;2.1.3;2.2.38;2.3.16;2.4.12;2.4.27;3.3.142;4.1.99;4.1.140;4.2.9	substring	A kaqArAdekA saMjYA | prAk kaqArAt samAsaH | kaqArAH karmaDAraye | namaHsvastisvAhAsvaDAlamvazaqyogAcca | viBAzA vfkzamfgatfRaDAnyavyaYjanapaSuSakunyaSvavaqavapUrvAparADarottarARAm
NIL-017	MBh 1.131.51	P01_U07_A131_S051	adiparva	absence of the aṭ augment	aḍ-abhāva	auto	aq	1.4.1;2.1.3;2.2.38;2.3.16;2.4.12;2.4.27;3.3.142;4.1.99;4.1.140;4.2.9	substring	A kaqArAdekA saMjYA | prAk kaqArAt samAsaH | kaqArAH karmaDAraye | namaHsvastisvAhAsvaDAlamvazaqyogAcca | viBAzA vfkzamfgatfRaDAnyavyaYjanapaSuSakunyaSvavaqavapUrvAparADarottarARAm
NIL-018	MBh 1.155.12	P01_U09_A155_S012	adiparva	iṭ augment	iṭ	auto	iw	1.2.2;7.2.41	word	vija iw | iw sani vA
NIL-019	MBh 1.167.31	P01_U11_A167_S031	adiparva	absence of the aṭ augment	aḍ-abhāva	auto	aq	1.4.1;2.1.3;2.2.38;2.3.16;2.4.12;2.4.27;3.3.142;4.1.99;4.1.140;4.2.9	substring	A kaqArAdekA saMjYA | prAk kaqArAt samAsaH | kaqArAH karmaDAraye | namaHsvastisvAhAsvaDAlamvazaqyogAcca | viBAzA vfkzamfgatfRaDAnyavyaYjanapaSuSakunyaSvavaqavapUrvAparADarottarARAm
NIL-020	MBh 2.46.13	P02_U09_A046_S013	sabhaparva	elision — segment/affix	lopa	auto	lopa	1.1.60;1.3.9;3.4.97;4.1.133;5.4.146;6.4.48;6.4.64;6.4.98;7.2.90;7.2.113	word	adarSanaM lopaH | tasya lopaH | itaSca lopaH parasmEpadezu | Qaki lopaH | kakudasyAvasTAyAM lopaH
NIL-021	MBh 2.49.26	P02_U09_A049_S026	sabhaparva	gender — masculine	puṃstva	auto	puMstva			
NIL-022	MBh 2.65.34	P02_U09_A065_S034	sabhaparva	elision	lopa	auto	lopa	1.1.60;1.3.9;3.4.97;4.1.133;5.4.146;6.4.48;6.4.64;6.4.98;7.2.90;7.2.113	word	adarSanaM lopaH | tasya lopaH | itaSca lopaH parasmEpadezu | Qaki lopaH | kakudasyAvasTAyAM lopaH
NIL-023	MBh 2.69.10	P02_U09_A069_S010	sabhaparva	elision — taddhita suffix	taddhita-luk	auto	tadDita,luk	1.2.49;4.1.17;4.1.90;4.1.109;4.3.163;4.3.168;4.4.125;6.4.104;6.4.153;7.1.22	word	luk tadDitaluki | prAcAM zPa tadDitaH | yUni luk | luk striyAm | Pale luk
NIL-024	MBh 2.81.28	P02_U10_A081_S028	sabhaparva	absence of the aṭ augment	aḍ-abhāva	auto	aq	1.4.1;2.1.3;2.2.38;2.3.16;2.4.12;2.4.27;3.3.142;4.1.99;4.1.140;4.2.9	substring	A kaqArAdekA saMjYA | prAk kaqArAt samAsaH | kaqArAH karmaDAraye | namaHsvastisvAhAsvaDAlamvazaqyogAcca | viBAzA vfkzamfgatfRaDAnyavyaYjanapaSuSakunyaSvavaqavapUrvAparADarottarARAm
NIL-025	MBh 3.17.16	P03_U03_A017_S016	vanaparva	elision — visarga	visarga-lopa	auto	visarga,lopa	1.1.60;1.3.9;3.4.97;4.1.133;5.4.146;6.4.48;6.4.64;6.4.98;7.2.90;7.2.113	word	adarSanaM lopaH | tasya lopaH | itaSca lopaH parasmEpadezu | Qaki lopaH | kakudasyAvasTAyAM lopaH
NIL-026	MBh 3.45.8	P03_U05_A045_S008	vanaparva	elision — case ending	vibhakti-lopa	auto	viBakti,lopa	1.1.60;1.3.9;3.4.97;4.1.133;5.3.1;5.4.146;6.4.48;6.4.64;6.4.98;7.2.90	word	adarSanaM lopaH | tasya lopaH | itaSca lopaH parasmEpadezu | Qaki lopaH | prAgdiSo viBaktiH
NIL-027	MBh 3.59.3	P03_U06_A059_S003	vanaparva	sandhi	sandhi	auto	sanDi			
NIL-028	MBh 3.64.114	P03_U06_A064_S114	vanaparva	elision — reduplication syllable	abhyāsa-lopa	auto	aByAsa,lopa	1.1.60;1.3.9;3.4.97;4.1.133;5.4.146;6.4.48;6.4.64;6.4.98;7.2.90;7.2.113	word	adarSanaM lopaH | tasya lopaH | itaSca lopaH parasmEpadezu | Qaki lopaH | kakudasyAvasTAyAM lopaH
NIL-029	MBh 3.68.14	P03_U06_A068_S014	vanaparva	feminine ṭāp ending	ṭāb-antatva	auto	wAb,antatva	4.1.9	substring	wAbfci
NIL-030	MBh 3.68.34	P03_U06_A068_S034	vanaparva	absence of the causative ṇic	ṇij-abhāva	auto	Rij	3.3.52;6.2.13	substring	pre vaRijAm | gantavyapaRyaM vARije
NIL-031	MBh 3.99.60	P03_U07_A099_S060	vanaparva	ru-substitution	rutva	auto	rutva	4.2.32	substring	dyAvApfTivISunAsIramarutvadagnIzomavAstozpatigfhameDAcCa ca
NIL-032	MBh 3.103.14	P03_U07_A103_S014	vanaparva	absence of the aṭ augment	aḍ-abhāva	auto	aq	1.4.1;2.1.3;2.2.38;2.3.16;2.4.12;2.4.27;3.3.142;4.1.99;4.1.140;4.2.9	substring	A kaqArAdekA saMjYA | prAk kaqArAt samAsaH | kaqArAH karmaDAraye | namaHsvastisvAhAsvaDAlamvazaqyogAcca | viBAzA vfkzamfgatfRaDAnyavyaYjanapaSuSakunyaSvavaqavapUrvAparADarottarARAm
NIL-033	MBh 3.110.3	P03_U07_A110_S003	vanaparva	absence of the aṭ augment	aḍ-abhāva	auto	aq	1.4.1;2.1.3;2.2.38;2.3.16;2.4.12;2.4.27;3.3.142;4.1.99;4.1.140;4.2.9	substring	A kaqArAdekA saMjYA | prAk kaqArAt samAsaH | kaqArAH karmaDAraye | namaHsvastisvAhAsvaDAlamvazaqyogAcca | viBAzA vfkzamfgatfRaDAnyavyaYjanapaSuSakunyaSvavaqavapUrvAparADarottarARAm
NIL-034	MBh 3.115.37	P03_U07_A115_S037	vanaparva	sandhi	sandhi	auto	sanDi			
NIL-035	MBh 3.134.6	P03_U07_A134_S006	vanaparva	elision — segment/affix	lopa	auto	lopa	1.1.60;1.3.9;3.4.97;4.1.133;5.4.146;6.4.48;6.4.64;6.4.98;7.2.90;7.2.113	word	adarSanaM lopaH | tasya lopaH | itaSca lopaH parasmEpadezu | Qaki lopaH | kakudasyAvasTAyAM lopaH
NIL-036	MBh 3.142.10	P03_U07_A142_S010	vanaparva	elision — segment/syllable	varṇa-lopa	auto	varRa,lopa	1.1.60;1.3.9;3.4.97;4.1.133;5.4.146;6.4.48;6.4.64;6.4.98;7.2.90;7.2.113	word	adarSanaM lopaH | tasya lopaH | itaSca lopaH parasmEpadezu | Qaki lopaH | kakudasyAvasTAyAM lopaH
NIL-037	MBh 3.160.68	P03_U09_A160_S068	vanaparva	bha-stem treatment	bhatva	auto	Batva			
NIL-038	MBh 3.168.43	P03_U10_A168_S043	vanaparva	absence of expected lengthening	dairghya-abhāva	auto	dErGya			
NIL-039	MBh 3.175.4	P03_U10_A175_S004	vanaparva	case ending — (a)luk	aluk / luk	auto	aluk,luk	1.2.49;4.1.90;4.1.109;4.3.163;4.3.168;4.4.125;6.4.104;6.4.153;7.1.22	word	luk tadDitaluki | yUni luk | luk striyAm | Pale luk | kaMsIyaparaSavyayoryaYaYO luk ca
NIL-040	MBh 3.209.50	P03_U12_A209_S050	vanaparva	transfer — tense/mood (lakāra)	lakāra-vyatyaya	auto	lakAra,vyatyaya			
NIL-041	MBh 3.216.1	P03_U12_A216_S001	vanaparva	absence of the aṭ augment	aḍ-abhāva	auto	aq	1.4.1;2.1.3;2.2.38;2.3.16;2.4.12;2.4.27;3.3.142;4.1.99;4.1.140;4.2.9	substring	A kaqArAdekA saMjYA | prAk kaqArAt samAsaH | kaqArAH karmaDAraye | namaHsvastisvAhAsvaDAlamvazaqyogAcca | viBAzA vfkzamfgatfRaDAnyavyaYjanapaSuSakunyaSvavaqavapUrvAparADarottarARAm
NIL-042	MBh 3.217.7	P03_U12_A217_S007	vanaparva	absence of the aṭ augment	aḍ-abhāva	auto	aq	1.4.1;2.1.3;2.2.38;2.3.16;2.4.12;2.4.27;3.3.142;4.1.99;4.1.140;4.2.9	substring	A kaqArAdekA saMjYA | prAk kaqArAt samAsaH | kaqArAH karmaDAraye | namaHsvastisvAhAsvaDAlamvazaqyogAcca | viBAzA vfkzamfgatfRaDAnyavyaYjanapaSuSakunyaSvavaqavapUrvAparADarottarARAm
NIL-043	MBh 3.218.7	P03_U12_A218_S007	vanaparva	final-segment substitution	antādeśa	auto	antAdeSa			
NIL-044	MBh 3.222.6	P03_U12_A222_S006	vanaparva	elision — segment/affix	lopa	auto	lopa	1.1.60;1.3.9;3.4.97;4.1.133;5.4.146;6.4.48;6.4.64;6.4.98;7.2.90;7.2.113	word	adarSanaM lopaH | tasya lopaH | itaSca lopaH parasmEpadezu | Qaki lopaH | kakudasyAvasTAyAM lopaH
NIL-045	MBh 3.236.16	P03_U14_A236_S016	vanaparva	tense — laṭ	laṭ	auto	law	3.2.118;3.2.123	word	law sme | vartamAne law
NIL-046	MBh 3.254.8	P03_U14_A254_S008	vanaparva	elision	lopa	auto	lopa	1.1.60;1.3.9;3.4.97;4.1.133;5.4.146;6.4.48;6.4.64;6.4.98;7.2.90;7.2.113	word	adarSanaM lopaH | tasya lopaH | itaSca lopaH parasmEpadezu | Qaki lopaH | kakudasyAvasTAyAM lopaH
NIL-047	MBh 3.254.9	P03_U14_A254_S009	vanaparva	absence of the aṭ augment	aḍ-abhāva	auto	aq	1.4.1;2.1.3;2.2.38;2.3.16;2.4.12;2.4.27;3.3.142;4.1.99;4.1.140;4.2.9	substring	A kaqArAdekA saMjYA | prAk kaqArAt samAsaH | kaqArAH karmaDAraye | namaHsvastisvAhAsvaDAlamvazaqyogAcca | viBAzA vfkzamfgatfRaDAnyavyaYjanapaSuSakunyaSvavaqavapUrvAparADarottarARAm
NIL-048	MBh 3.314.5	P03_U22_A314_S005	vanaparva	stem-final vowel (a-stem)	adantatva	auto	adantatva			
NIL-049	MBh 4.7.12	P04_U01_A007_S012	virataparva	absence of ārdhadhātuka status	ārdhadhātukatva-abhāva	auto	ArDaDAtukatva			
NIL-050	MBh 4.7.12	P04_U01_A007_S012	virataparva	absence of an expected elision	lopa-abhāva	auto	lopa	1.1.60;1.3.9;3.4.97;4.1.133;5.4.146;6.4.48;6.4.64;6.4.98;7.2.90;7.2.113	word	adarSanaM lopaH | tasya lopaH | itaSca lopaH parasmEpadezu | Qaki lopaH | kakudasyAvasTAyAM lopaH
NIL-051	MBh 4.10.15	P04_U01_A010_S015	virataparva	elision — case ending	vibhakti-lopa	auto	viBakti,lopa	1.1.60;1.3.9;3.4.97;4.1.133;5.3.1;5.4.146;6.4.48;6.4.64;6.4.98;7.2.90	word	adarSanaM lopaH | tasya lopaH | itaSca lopaH parasmEpadezu | Qaki lopaH | prAgdiSo viBaktiH
NIL-052	MBh 4.24.10	P04_U03_A024_S010	virataparva	kṛtya suffix (tvan)	tvan	auto	tvan	3.4.14	substring	kftyArTe tavEkenkenyatvanaH
NIL-053	MBh 4.28.4	P04_U04_A028_S004	virataparva	absence of the num augment	num-abhāva	auto	num	7.1.58	word	idito num DAtoH
NIL-054	MBh 4.59.5	P04_U04_A059_S005	virataparva	absence of the aṭ augment	aḍ-abhāva	auto	aq	1.4.1;2.1.3;2.2.38;2.3.16;2.4.12;2.4.27;3.3.142;4.1.99;4.1.140;4.2.9	substring	A kaqArAdekA saMjYA | prAk kaqArAt samAsaH | kaqArAH karmaDAraye | namaHsvastisvAhAsvaDAlamvazaqyogAcca | viBAzA vfkzamfgatfRaDAnyavyaYjanapaSuSakunyaSvavaqavapUrvAparADarottarARAm
NIL-055	MBh 4.61.11	P04_U04_A061_S011	virataparva	elision — segment/syllable	varṇa-lopa	auto	varRa,lopa	1.1.60;1.3.9;3.4.97;4.1.133;5.4.146;6.4.48;6.4.64;6.4.98;7.2.90;7.2.113	word	adarSanaM lopaH | tasya lopaH | itaSca lopaH parasmEpadezu | Qaki lopaH | kakudasyAvasTAyAM lopaH
NIL-056	MBh 4.65.3	P04_U04_A065_S003	virataparva	elision — segment/affix	lopa	auto	lopa	1.1.60;1.3.9;3.4.97;4.1.133;5.4.146;6.4.48;6.4.64;6.4.98;7.2.90;7.2.113	word	adarSanaM lopaH | tasya lopaH | itaSca lopaH parasmEpadezu | Qaki lopaH | kakudasyAvasTAyAM lopaH
NIL-057	MBh 5.1.15	P05_U01_A001_S015	udyogaparva	voice — ātmanepada for parasmaipada	taṅ-bhāva	auto	taN	1.3.12;1.4.100;5.4.7;6.3.133;7.1.35	substring	anudAttaNita Atmanepadam | taNAnAvAtmanepadam | azaqakzASitaNgvalaMkarmAlampuruzADyuttarapadAt KaH | fci tunuGamakzutaNkutroruzyARAm | tuhyostAtaNNASizyanyatarasyAm
NIL-058	MBh 5.3.3	P05_U01_A003_S003	udyogaparva	case ending — luk / ḍa-substitution	supāṃ suluk	auto	supAM,suluk	7.1.39	phrase	supAM sulukpUrvasavarRA''cCeyAqAqyAyAjAlaH
NIL-059	MBh 5.13.21	P05_U01_A013_S021	udyogaparva	voice — ātmanepada for parasmaipada	taṅ-bhāva	auto	taN	1.3.12;1.4.100;5.4.7;6.3.133;7.1.35	substring	anudAttaNita Atmanepadam | taNAnAvAtmanepadam | azaqakzASitaNgvalaMkarmAlampuruzADyuttarapadAt KaH | fci tunuGamakzutaNkutroruzyARAm | tuhyostAtaNNASizyanyatarasyAm
NIL-060	MBh 5.13.27	P05_U01_A013_S027	udyogaparva	elision — segment/affix	lopa	auto	lopa	1.1.60;1.3.9;3.4.97;4.1.133;5.4.146;6.4.48;6.4.64;6.4.98;7.2.90;7.2.113	word	adarSanaM lopaH | tasya lopaH | itaSca lopaH parasmEpadezu | Qaki lopaH | kakudasyAvasTAyAM lopaH
NIL-061	MBh 5.14.16	P05_U01_A014_S016	udyogaparva	voice — ātmanepada for parasmaipada	taṅ-bhāva	auto	taN	1.3.12;1.4.100;5.4.7;6.3.133;7.1.35	substring	anudAttaNita Atmanepadam | taNAnAvAtmanepadam | azaqakzASitaNgvalaMkarmAlampuruzADyuttarapadAt KaH | fci tunuGamakzutaNkutroruzyARAm | tuhyostAtaNNASizyanyatarasyAm
NIL-062	MBh 5.27.14	P05_U02_A027_S014	udyogaparva	voice — ātmanepada for parasmaipada	taṅ-bhāva	auto	taN	1.3.12;1.4.100;5.4.7;6.3.133;7.1.35	substring	anudAttaNita Atmanepadam | taNAnAvAtmanepadam | azaqakzASitaNgvalaMkarmAlampuruzADyuttarapadAt KaH | fci tunuGamakzutaNkutroruzyARAm | tuhyostAtaNNASizyanyatarasyAm
NIL-063	MBh 5.43.41	P05_U04_A043_S041	udyogaparva	elision — segment/affix	lopa	auto	lopa	1.1.60;1.3.9;3.4.97;4.1.133;5.4.146;6.4.48;6.4.64;6.4.98;7.2.90;7.2.113	word	adarSanaM lopaH | tasya lopaH | itaSca lopaH parasmEpadezu | Qaki lopaH | kakudasyAvasTAyAM lopaH
NIL-064	MBh 5.45.5	P05_U04_A045_S005	udyogaparva	case ending — luk / ḍa-substitution	supāṃ suluk	auto	supAM,suluk	7.1.39	phrase	supAM sulukpUrvasavarRA''cCeyAqAqyAyAjAlaH
NIL-065	MBh 5.46.3	P05_U04_A046_S003	udyogaparva	preverb–verb separation	vyavahita	auto	vyavahita			
NIL-066	MBh 5.48.3	P05_U05_A048_S003	udyogaparva	preverb–verb separation	vyavahita	auto	vyavahita			
NIL-067	MBh 5.48.14	P05_U05_A048_S014	udyogaparva	transfer — tense/mood (lakāra)	lakāra-vyatyaya	auto	lakAra,vyatyaya			
NIL-068	MBh 5.48.99	P05_U05_A048_S099	udyogaparva	compound — member order	pūrva-nipāta	auto	pUrva,nipAta	1.1.14;1.1.65;6.1.107;6.1.135;6.2.83;8.2.98	word	nipAta ekAjanAN | alo'ntyAt pUrva upaDA | ami pUrvaH | suw kAt pUrvaH | antyAt pUrvaM bahvacaH
NIL-069	MBh 5.77.13	P05_U06_A077_S013	udyogaparva	transfer — gender	liṅga-vyatyaya	auto	liNga,vyatyaya	2.3.46;2.4.26;3.1.46;4.1.170	substring	prAtipadikArTaliNgaparimARavacanamAtre praTamA | paravalliNgaM dvandvatatpuruzayoH | Sliza AliNgane | dvyaYmagaDakaliNgasUramasAdaR
NIL-070	MBh 5.141.47	P05_U06_A141_S047	udyogaparva	upapada government	upapada-yoga	auto	upapada,yoga	1.1.7;1.2.55;1.3.63;2.2.19;3.4.4;3.4.27;3.4.46;6.4.10;6.4.82;6.4.106	substring	halo'nantarAH saMyogaH | yogapramARe ca tadaBAve'darSanaM syAt | Ampratyayavat kfYo'nuprayogasya | upapadamatiN | yaTAviDyanuprayogaH pUrvasmin
NIL-071	MBh 5.144.13	P05_U06_A144_S013	udyogaparva	voice — ātmanepada for parasmaipada	taṅ-bhāva	auto	taN	1.3.12;1.4.100;5.4.7;6.3.133;7.1.35	substring	anudAttaNita Atmanepadam | taNAnAvAtmanepadam | azaqakzASitaNgvalaMkarmAlampuruzADyuttarapadAt KaH | fci tunuGamakzutaNkutroruzyARAm | tuhyostAtaNNASizyanyatarasyAm
NIL-072	MBh 5.160.116	P05_U08_A160_S116	udyogaparva	elision — segment/affix	lopa	auto	lopa	1.1.60;1.3.9;3.4.97;4.1.133;5.4.146;6.4.48;6.4.64;6.4.98;7.2.90;7.2.113	word	adarSanaM lopaH | tasya lopaH | itaSca lopaH parasmEpadezu | Qaki lopaH | kakudasyAvasTAyAM lopaH
NIL-073	MBh 5.175.2	P05_U10_A175_S002	udyogaparva	absence of the aṭ augment	aḍ-abhāva	auto	aq	1.4.1;2.1.3;2.2.38;2.3.16;2.4.12;2.4.27;3.3.142;4.1.99;4.1.140;4.2.9	substring	A kaqArAdekA saMjYA | prAk kaqArAt samAsaH | kaqArAH karmaDAraye | namaHsvastisvAhAsvaDAlamvazaqyogAcca | viBAzA vfkzamfgatfRaDAnyavyaYjanapaSuSakunyaSvavaqavapUrvAparADarottarARAm
NIL-074	MBh 6.3.34	P06_U01_A003_S034	bhishmaparva	elision — case ending	vibhakti-lopa	auto	viBakti,lopa	1.1.60;1.3.9;3.4.97;4.1.133;5.3.1;5.4.146;6.4.48;6.4.64;6.4.98;7.2.90	word	adarSanaM lopaH | tasya lopaH | itaSca lopaH parasmEpadezu | Qaki lopaH | prAgdiSo viBaktiH
NIL-075	MBh 6.29.27	P06_U03_A029_S027	bhishmaparva	elision — visarga	visarga-lopa	auto	visarga,lopa	1.1.60;1.3.9;3.4.97;4.1.133;5.4.146;6.4.48;6.4.64;6.4.98;7.2.90;7.2.113	word	adarSanaM lopaH | tasya lopaH | itaSca lopaH parasmEpadezu | Qaki lopaH | kakudasyAvasTAyAM lopaH
NIL-076	MBh 6.32.3	P06_U03_A032_S003	bhishmaparva	absence of the u-substitution	utva-abhāva	auto	utva	4.2.32	substring	dyAvApfTivISunAsIramarutvadagnIzomavAstozpatigfhameDAcCa ca
NIL-077	MBh 6.35.8	P06_U03_A035_S008	bhishmaparva	transfer — stem-class (vikaraṇa)	pada-vikaraṇa-vyatyaya	auto	pada,vikaraRa,vyatyaya	3.1.60	word	ciR te padaH
NIL-078	MBh 6.35.48	P06_U03_A035_S048	bhishmaparva	absence of ru-substitution	ru-tva-abhāva	auto	ru,tva	3.2.159;8.2.66;8.3.1	word	dADewsiSadasado ruH | sasajuzo ruH | matuvaso ru sambudDO Candasi
NIL-079	MBh 6.42.55	P06_U03_A042_S055	bhishmaparva	elision	lopa	auto	lopa	1.1.60;1.3.9;3.4.97;4.1.133;5.4.146;6.4.48;6.4.64;6.4.98;7.2.90;7.2.113	word	adarSanaM lopaH | tasya lopaH | itaSca lopaH parasmEpadezu | Qaki lopaH | kakudasyAvasTAyAM lopaH
NIL-080	MBh 6.43.26	P06_U04_A043_S026	bhishmaparva	absence of an expected elision	lopa-abhāva	auto	lopa	1.1.60;1.3.9;3.4.97;4.1.133;5.4.146;6.4.48;6.4.64;6.4.98;7.2.90;7.2.113	word	adarSanaM lopaH | tasya lopaH | itaSca lopaH parasmEpadezu | Qaki lopaH | kakudasyAvasTAyAM lopaH
NIL-081	MBh 6.43.32	P06_U04_A043_S032	bhishmaparva	absence of compounding	asamāsa	auto	asamAsa			
NIL-082	MBh 6.44.28	P06_U04_A044_S028	bhishmaparva	absence of the aṭ augment	aḍ-abhāva	auto	aq	1.4.1;2.1.3;2.2.38;2.3.16;2.4.12;2.4.27;3.3.142;4.1.99;4.1.140;4.2.9	substring	A kaqArAdekA saMjYA | prAk kaqArAt samAsaH | kaqArAH karmaDAraye | namaHsvastisvAhAsvaDAlamvazaqyogAcca | viBAzA vfkzamfgatfRaDAnyavyaYjanapaSuSakunyaSvavaqavapUrvAparADarottarARAm
NIL-083	MBh 6.110.41	P06_U04_A110_S041	bhishmaparva	aṭ augment	aḍ-āgama	auto	aq,Agama	1.4.1;2.1.3;2.2.38;2.3.16;2.4.12;2.4.27;3.3.142;4.1.99;4.1.140;4.2.9	substring	A kaqArAdekA saMjYA | prAk kaqArAt samAsaH | kaqArAH karmaDAraye | namaHsvastisvAhAsvaDAlamvazaqyogAcca | viBAzA vfkzamfgatfRaDAnyavyaYjanapaSuSakunyaSvavaqavapUrvAparADarottarARAm
NIL-084	MBh 7.67.13	P07_U03_A067_S013	dronaparva	elision — segment/affix	lopa	auto	lopa	1.1.60;1.3.9;3.4.97;4.1.133;5.4.146;6.4.48;6.4.64;6.4.98;7.2.90;7.2.113	word	adarSanaM lopaH | tasya lopaH | itaSca lopaH parasmEpadezu | Qaki lopaH | kakudasyAvasTAyAM lopaH
NIL-085	MBh 7.175.32	P07_U06_A175_S032	dronaparva	compound-final / ṭac suffix	samāsānta	auto	samAsAnta			
NIL-086	MBh 7.188.52	P07_U07_A188_S052	dronaparva	gender — neuter	klībatva	auto	klIbatva			
NIL-087	MBh 7.201.77	P07_U08_A201_S077	dronaparva	case ending — luk / ḍa-substitution	supāṃ suluk	auto	supAM,suluk	7.1.39	phrase	supAM sulukpUrvasavarRA''cCeyAqAqyAyAjAlaH
NIL-088	MBh 8.3.21	P08_U01_A003_S021	karnaparva	absolutive suffix	ktvā	auto	ktvA	1.2.7;1.2.18;1.2.22;2.2.22;3.4.18	word	mfqamfdaguDakuzakliSavadavasaH ktvA | na ktvA sew | pUNaH ktvA ca | ktvA ca | alaNKalvoH pratizeDayoH prAcAM ktvA
NIL-089	MBh 8.7.3	P08_U01_A007_S003	karnaparva	transfer — case	vibhakti-vyatyaya	auto	viBakti,vyatyaya	5.3.1	word	prAgdiSo viBaktiH
NIL-090	MBh 8.10.11	P08_U01_A010_S011	karnaparva	compound-final / ṭac suffix	samāsānta	auto	samAsAnta			
NIL-091	MBh 8.10.45	P08_U01_A010_S045	karnaparva	elision — taddhita suffix	taddhita-luk	auto	tadDita,luk	1.2.49;4.1.17;4.1.90;4.1.109;4.3.163;4.3.168;4.4.125;6.4.104;6.4.153;7.1.22	word	luk tadDitaluki | prAcAM zPa tadDitaH | yUni luk | luk striyAm | Pale luk
NIL-092	MBh 8.12.1	P08_U01_A012_S001	karnaparva	absence of pragṛhya status	pragṛhyatva-abhāva	auto	pragfhyatva			
NIL-093	MBh 8.12.22	P08_U01_A012_S022	karnaparva	compound — member order	pūrva-nipāta	auto	pUrva,nipAta	1.1.14;1.1.65;6.1.107;6.1.135;6.2.83;8.2.98	word	nipAta ekAjanAN | alo'ntyAt pUrva upaDA | ami pUrvaH | suw kAt pUrvaH | antyAt pUrvaM bahvacaH
NIL-094	MBh 8.44.14	P08_U01_A044_S014	karnaparva	sandhi	sandhi	auto	sanDi			
NIL-095	MBh 8.67.6	P08_U01_A067_S006	karnaparva	absence of the nuṭ augment	nuḍ-abhāva	auto	nuq	6.1.176;6.3.74;7.4.71	substring	hrasvanuqByAM matup | tasmAnnuqaci | tasmAnnuq dvihalaH
NIL-096	MBh 8.80.18	P08_U01_A080_S018	karnaparva	absence of the aṭ augment	aḍ-abhāva	auto	aq	1.4.1;2.1.3;2.2.38;2.3.16;2.4.12;2.4.27;3.3.142;4.1.99;4.1.140;4.2.9	substring	A kaqArAdekA saMjYA | prAk kaqArAt samAsaH | kaqArAH karmaDAraye | namaHsvastisvAhAsvaDAlamvazaqyogAcca | viBAzA vfkzamfgatfRaDAnyavyaYjanapaSuSakunyaSvavaqavapUrvAparADarottarARAm
NIL-097	MBh 9.1.1	P09_U01_A001_S001	shalyaparva	elision	lopa	auto	lopa	1.1.60;1.3.9;3.4.97;4.1.133;5.4.146;6.4.48;6.4.64;6.4.98;7.2.90;7.2.113	word	adarSanaM lopaH | tasya lopaH | itaSca lopaH parasmEpadezu | Qaki lopaH | kakudasyAvasTAyAM lopaH
NIL-098	MBh 9.1.20	P09_U01_A001_S020	shalyaparva	absence of the aṭ augment	aḍ-abhāva	auto	aq	1.4.1;2.1.3;2.2.38;2.3.16;2.4.12;2.4.27;3.3.142;4.1.99;4.1.140;4.2.9	substring	A kaqArAdekA saMjYA | prAk kaqArAt samAsaH | kaqArAH karmaDAraye | namaHsvastisvAhAsvaDAlamvazaqyogAcca | viBAzA vfkzamfgatfRaDAnyavyaYjanapaSuSakunyaSvavaqavapUrvAparADarottarARAm
NIL-099	MBh 9.4.17	P09_U01_A004_S017	shalyaparva	absence of the iṭ augment	iḍ-abhāva	auto	iq	1.4.61;3.1.13;3.4.78;4.1.15;5.1.23;5.2.32;6.1.29;6.2.72;6.4.41;7.2.66	substring	UryAdicviqAcaSca | lohitAdiqAjByaH kyaz | tiptasJisipTasTamibvasmas tAtAMJaTAsATAMDvamiqvahimahiN | wiqQARaYdvayasajdaGnaYmAtractayapWakWaYkaYkvarapaH | vatoriqvA
NIL-100	MBh 11.13.4	P11_U01_A013_S004	striparva	absence of the aṭ augment	aḍ-abhāva	auto	aq	1.4.1;2.1.3;2.2.38;2.3.16;2.4.12;2.4.27;3.3.142;4.1.99;4.1.140;4.2.9	substring	A kaqArAdekA saMjYA | prAk kaqArAt samAsaH | kaqArAH karmaDAraye | namaHsvastisvAhAsvaDAlamvazaqyogAcca | viBAzA vfkzamfgatfRaDAnyavyaYjanapaSuSakunyaSvavaqavapUrvAparADarottarARAm
NIL-101	MBh 11.27.14	P11_U03_A027_S014	striparva	absence of the aṭ augment	aḍ-abhāva	auto	aq	1.4.1;2.1.3;2.2.38;2.3.16;2.4.12;2.4.27;3.3.142;4.1.99;4.1.140;4.2.9	substring	A kaqArAdekA saMjYA | prAk kaqArAt samAsaH | kaqArAH karmaDAraye | namaHsvastisvAhAsvaDAlamvazaqyogAcca | viBAzA vfkzamfgatfRaDAnyavyaYjanapaSuSakunyaSvavaqavapUrvAparADarottarARAm
NIL-102	MBh 12.1.7	P12_U01_A001_S007	shantiparva	voice — ātmanepada for parasmaipada	taṅ-bhāva	auto	taN	1.3.12;1.4.100;5.4.7;6.3.133;7.1.35	substring	anudAttaNita Atmanepadam | taNAnAvAtmanepadam | azaqakzASitaNgvalaMkarmAlampuruzADyuttarapadAt KaH | fci tunuGamakzutaNkutroruzyARAm | tuhyostAtaNNASizyanyatarasyAm
NIL-103	MBh 12.11.14	P12_U01_A011_S014	shantiparva	absence of guṇa	guṇa-abhāva	auto	guRa	1.1.2;6.4.156;7.3.108;7.4.16;7.4.21;7.4.75	word	adeN guRaH | sTUladUrayuvahrasvakziprakzudrARAM yaRAdiparaM pUrvasya ca guRaH | hrasvasya guRaH | fdfSo'Ni guRaH | SINaH sArvaDAtuke guRaH
NIL-104	MBh 12.29.143	P12_U01_A029_S143	shantiparva	elision — segment/syllable	varṇa-lopa	auto	varRa,lopa	1.1.60;1.3.9;3.4.97;4.1.133;5.4.146;6.4.48;6.4.64;6.4.98;7.2.90;7.2.113	word	adarSanaM lopaH | tasya lopaH | itaSca lopaH parasmEpadezu | Qaki lopaH | kakudasyAvasTAyAM lopaH
NIL-105	MBh 12.40.2	P12_U01_A040_S002	shantiparva	stem vowel — ī for the expected e of the reduplicated perfect	niṣīdatuḥ for niṣedatuḥ	hand	nizIdatuH,nizedatuH			
NIL-106	MBh 12.60.46	P12_U01_A060_S046	shantiparva	elision — case ending	vibhakti-lopa	auto	viBakti,lopa	1.1.60;1.3.9;3.4.97;4.1.133;5.3.1;5.4.146;6.4.48;6.4.64;6.4.98;7.2.90	word	adarSanaM lopaH | tasya lopaH | itaSca lopaH parasmEpadezu | Qaki lopaH | prAgdiSo viBaktiH
NIL-107	MBh 12.90.23	P12_U01_A090_S023	shantiparva	transfer — gender	liṅga-vyatyaya	auto	liNga,vyatyaya	2.3.46;2.4.26;3.1.46;4.1.170	substring	prAtipadikArTaliNgaparimARavacanamAtre praTamA | paravalliNgaM dvandvatatpuruzayoH | Sliza AliNgane | dvyaYmagaDakaliNgasUramasAdaR
NIL-108	MBh 12.100.43	P12_U01_A100_S043	shantiparva	elision — case ending	vibhakti-lopa	auto	viBakti,lopa	1.1.60;1.3.9;3.4.97;4.1.133;5.3.1;5.4.146;6.4.48;6.4.64;6.4.98;7.2.90	word	adarSanaM lopaH | tasya lopaH | itaSca lopaH parasmEpadezu | Qaki lopaH | prAgdiSo viBaktiH
NIL-109	MBh 12.133.8	P12_U02_A133_S008	shantiparva	transfer — number	vacana-vyatyaya	auto	vacana,vyatyaya	1.1.11;1.1.58;1.2.56;1.2.58;1.2.61;1.2.63;1.4.21;1.4.102;2.3.9;2.3.33	substring	IdUdeddvivacanaM pragfhyam | na padAntadvirvacanavareyalopasvarasavarRAnusvAradIrGajaScarviDizu | praDAnapratyayArTavacanamarTasyAnyapramARatvAt | jAtyAKyAyAmekasmin bahuvacanamanyatarasyAm | Candasi punarvasvorekavacanam
NIL-110	MBh 12.153.39	P12_U02_A153_S039	shantiparva	transfer — number	vacana-vyatyaya	auto	vacana,vyatyaya	1.1.11;1.1.58;1.2.56;1.2.58;1.2.61;1.2.63;1.4.21;1.4.102;2.3.9;2.3.33	substring	IdUdeddvivacanaM pragfhyam | na padAntadvirvacanavareyalopasvarasavarRAnusvAradIrGajaScarviDizu | praDAnapratyayArTavacanamarTasyAnyapramARatvAt | jAtyAKyAyAmekasmin bahuvacanamanyatarasyAm | Candasi punarvasvorekavacanam
NIL-111	MBh 12.174.58	P12_U03_A174_S058	shantiparva	transfer — pada (voice/ending)	pada-vyatyaya	auto	pada,vyatyaya	3.1.60	word	ciR te padaH
NIL-112	MBh 12.175.25	P12_U03_A175_S025	shantiparva	transfer — gender	liṅga-vyatyaya	auto	liNga,vyatyaya	2.3.46;2.4.26;3.1.46;4.1.170	substring	prAtipadikArTaliNgaparimARavacanamAtre praTamA | paravalliNgaM dvandvatatpuruzayoH | Sliza AliNgane | dvyaYmagaDakaliNgasUramasAdaR
NIL-113	MBh 12.179.25	P12_U03_A179_S025	shantiparva	non-elision of the case ending	vibhakti-aluk	auto	viBakti,aluk	5.3.1	word	prAgdiSo viBaktiH
NIL-114	MBh 12.182.26	P12_U03_A182_S026	shantiparva	elision — segment/syllable	varṇa-lopa	auto	varRa,lopa	1.1.60;1.3.9;3.4.97;4.1.133;5.4.146;6.4.48;6.4.64;6.4.98;7.2.90;7.2.113	word	adarSanaM lopaH | tasya lopaH | itaSca lopaH parasmEpadezu | Qaki lopaH | kakudasyAvasTAyAM lopaH
NIL-115	MBh 12.206.28	P12_U03_A206_S028	shantiparva	transfer — case	vibhakti-vyatyaya	auto	viBakti,vyatyaya	5.3.1	word	prAgdiSo viBaktiH
NIL-116	MBh 12.219.34	P12_U03_A219_S034	shantiparva	matup-sense suffix	matvarthīya	auto	matvarTIya			
NIL-117	MBh 12.237.3	P12_U03_A237_S003	shantiparva	case ending — (a)luk	aluk / luk	auto	aluk,luk	1.2.49;4.1.90;4.1.109;4.3.163;4.3.168;4.4.125;6.4.104;6.4.153;7.1.22	word	luk tadDitaluki | yUni luk | luk striyAm | Pale luk | kaMsIyaparaSavyayoryaYaYO luk ca
NIL-118	MBh 12.239.9	P12_U03_A239_S009	shantiparva	elision — case ending	vibhakti-lopa	auto	viBakti,lopa	1.1.60;1.3.9;3.4.97;4.1.133;5.3.1;5.4.146;6.4.48;6.4.64;6.4.98;7.2.90	word	adarSanaM lopaH | tasya lopaH | itaSca lopaH parasmEpadezu | Qaki lopaH | prAgdiSo viBaktiH
NIL-119	MBh 12.261.30	P12_U03_A261_S030	shantiparva	matup-sense suffix	matvarthīya	auto	matvarTIya			
NIL-120	MBh 12.263.37	P12_U03_A263_S037	shantiparva	transfer — number	vacana-vyatyaya	auto	vacana,vyatyaya	1.1.11;1.1.58;1.2.56;1.2.58;1.2.61;1.2.63;1.4.21;1.4.102;2.3.9;2.3.33	substring	IdUdeddvivacanaM pragfhyam | na padAntadvirvacanavareyalopasvarasavarRAnusvAradIrGajaScarviDizu | praDAnapratyayArTavacanamarTasyAnyapramARatvAt | jAtyAKyAyAmekasmin bahuvacanamanyatarasyAm | Candasi punarvasvorekavacanam
NIL-121	MBh 12.269.14	P12_U03_A269_S014	shantiparva	absolutive suffix	ktvā / lyap	auto	ktvA,lyap	1.2.7;1.2.18;1.2.22;2.2.22;3.4.18;7.1.37	word	mfqamfdaguDakuzakliSavadavasaH ktvA | na ktvA sew | pUNaH ktvA ca | ktvA ca | alaNKalvoH pratizeDayoH prAcAM ktvA
NIL-122	MBh 12.272.19	P12_U03_A272_S019	shantiparva	absence of the aṭ augment	aḍ-abhāva	auto	aq	1.4.1;2.1.3;2.2.38;2.3.16;2.4.12;2.4.27;3.3.142;4.1.99;4.1.140;4.2.9	substring	A kaqArAdekA saMjYA | prAk kaqArAt samAsaH | kaqArAH karmaDAraye | namaHsvastisvAhAsvaDAlamvazaqyogAcca | viBAzA vfkzamfgatfRaDAnyavyaYjanapaSuSakunyaSvavaqavapUrvAparADarottarARAm
NIL-123	MBh 12.280.31	P12_U03_A280_S031	shantiparva	transfer — gender	liṅga-vyatyaya	auto	liNga,vyatyaya	2.3.46;2.4.26;3.1.46;4.1.170	substring	prAtipadikArTaliNgaparimARavacanamAtre praTamA | paravalliNgaM dvandvatatpuruzayoH | Sliza AliNgane | dvyaYmagaDakaliNgasUramasAdaR
NIL-124	MBh 12.280.35	P12_U03_A280_S035	shantiparva	elision	lopa	auto	lopa	1.1.60;1.3.9;3.4.97;4.1.133;5.4.146;6.4.48;6.4.64;6.4.98;7.2.90;7.2.113	word	adarSanaM lopaH | tasya lopaH | itaSca lopaH parasmEpadezu | Qaki lopaH | kakudasyAvasTAyAM lopaH
NIL-125	MBh 12.284.98	P12_U03_A284_S098	shantiparva	mum augment	mum-āgama	auto	mum,Agama	6.3.67	word	arurdvizadajantasya mum
NIL-126	MBh 12.284.141	P12_U03_A284_S141	shantiparva	absence of puṃvadbhāva	puṃvadbhāva-abhāva	auto	puMvadBAva			
NIL-127	MBh 12.284.153	P12_U03_A284_S153	shantiparva	compound-final / ṭac suffix	samāsānta	auto	samAsAnta			
NIL-128	MBh 12.291.12	P12_U03_A291_S012	shantiparva	elision — segment/affix	lopa	auto	lopa	1.1.60;1.3.9;3.4.97;4.1.133;5.4.146;6.4.48;6.4.64;6.4.98;7.2.90;7.2.113	word	adarSanaM lopaH | tasya lopaH | itaSca lopaH parasmEpadezu | Qaki lopaH | kakudasyAvasTAyAM lopaH
NIL-129	MBh 12.302.38	P12_U03_A302_S038	shantiparva	elision — segment/affix	lopa	auto	lopa	1.1.60;1.3.9;3.4.97;4.1.133;5.4.146;6.4.48;6.4.64;6.4.98;7.2.90;7.2.113	word	adarSanaM lopaH | tasya lopaH | itaSca lopaH parasmEpadezu | Qaki lopaH | kakudasyAvasTAyAM lopaH
NIL-130	MBh 12.305.27	P12_U03_A305_S027	shantiparva	elision — segment/affix	lopa	auto	lopa	1.1.60;1.3.9;3.4.97;4.1.133;5.4.146;6.4.48;6.4.64;6.4.98;7.2.90;7.2.113	word	adarSanaM lopaH | tasya lopaH | itaSca lopaH parasmEpadezu | Qaki lopaH | kakudasyAvasTAyAM lopaH
NIL-131	MBh 12.305.38	P12_U03_A305_S038	shantiparva	kṛtya suffix (tvan)	tvan	auto	tvan	3.4.14	substring	kftyArTe tavEkenkenyatvanaH
NIL-132	MBh 12.307.10	P12_U03_A307_S010	shantiparva	sandhi	sandhi	auto	sanDi			
NIL-133	MBh 12.307.17	P12_U03_A307_S017	shantiparva	voice — ātmanepada for parasmaipada	taṅ-bhāva	auto	taN	1.3.12;1.4.100;5.4.7;6.3.133;7.1.35	substring	anudAttaNita Atmanepadam | taNAnAvAtmanepadam | azaqakzASitaNgvalaMkarmAlampuruzADyuttarapadAt KaH | fci tunuGamakzutaNkutroruzyARAm | tuhyostAtaNNASizyanyatarasyAm
NIL-134	MBh 12.320.36	P12_U03_A320_S036	shantiparva	elision — case ending	vibhakti-lopa	auto	viBakti,lopa	1.1.60;1.3.9;3.4.97;4.1.133;5.3.1;5.4.146;6.4.48;6.4.64;6.4.98;7.2.90	word	adarSanaM lopaH | tasya lopaH | itaSca lopaH parasmEpadezu | Qaki lopaH | prAgdiSo viBaktiH
NIL-135	MBh 12.334.5	P12_U03_A334_S005	shantiparva	transfer — gender	liṅga-vyatyaya	auto	liNga,vyatyaya	2.3.46;2.4.26;3.1.46;4.1.170	substring	prAtipadikArTaliNgaparimARavacanamAtre praTamA | paravalliNgaM dvandvatatpuruzayoH | Sliza AliNgane | dvyaYmagaDakaliNgasUramasAdaR
NIL-136	MBh 12.339.13	P12_U03_A339_S013	shantiparva	transfer — pada (voice/ending)	pada-vyatyaya	auto	pada,vyatyaya	3.1.60	word	ciR te padaH
NIL-137	MBh 12.341.43	P12_U03_A341_S043	shantiparva	absence of the aṭ augment	aḍ-abhāva	auto	aq	1.4.1;2.1.3;2.2.38;2.3.16;2.4.12;2.4.27;3.3.142;4.1.99;4.1.140;4.2.9	substring	A kaqArAdekA saMjYA | prAk kaqArAt samAsaH | kaqArAH karmaDAraye | namaHsvastisvAhAsvaDAlamvazaqyogAcca | viBAzA vfkzamfgatfRaDAnyavyaYjanapaSuSakunyaSvavaqavapUrvAparADarottarARAm
NIL-138	MBh 12.342.77	P12_U03_A342_S077	shantiparva	bha-stem treatment	bhatva	auto	Batva			
NIL-139	MBh 12.351.11	P12_U03_A351_S011	shantiparva	absence of the u-substitution	utva-abhāva	auto	utva	4.2.32	substring	dyAvApfTivISunAsIramarutvadagnIzomavAstozpatigfhameDAcCa ca
NIL-140	MBh 13.3.8	P13_U01_A003_S008	anushasanaparva	elision — anusvāra	anusvāra-lopa	auto	anusvAra,lopa	1.1.60;1.3.9;3.4.97;4.1.133;5.4.146;6.4.48;6.4.64;6.4.98;7.2.90;7.2.113	word	adarSanaM lopaH | tasya lopaH | itaSca lopaH parasmEpadezu | Qaki lopaH | kakudasyAvasTAyAM lopaH
NIL-141	MBh 13.14.99	P13_U01_A014_S099	anushasanaparva	elision — segment/syllable	varṇa-lopa	auto	varRa,lopa	1.1.60;1.3.9;3.4.97;4.1.133;5.4.146;6.4.48;6.4.64;6.4.98;7.2.90;7.2.113	word	adarSanaM lopaH | tasya lopaH | itaSca lopaH parasmEpadezu | Qaki lopaH | kakudasyAvasTAyAM lopaH
NIL-142	MBh 13.17.83	P13_U01_A017_S083	anushasanaparva	absence of guṇa	guṇa-abhāva	auto	guRa	1.1.2;6.4.156;7.3.108;7.4.16;7.4.21;7.4.75	word	adeN guRaH | sTUladUrayuvahrasvakziprakzudrARAM yaRAdiparaM pUrvasya ca guRaH | hrasvasya guRaH | fdfSo'Ni guRaH | SINaH sArvaDAtuke guRaH
NIL-143	MBh 13.17.91	P13_U01_A017_S091	anushasanaparva	pūrvasavarṇa (case-ending fusion)	pūrvasavarṇa	auto	pUrvasavarRa	6.1.102	word	praTamayoH pUrvasavarRaH
NIL-144	MBh 13.17.110	P13_U01_A017_S110	anushasanaparva	stem-final vowel (a-stem)	adantatva	auto	adantatva			
NIL-145	MBh 13.17.120	P13_U01_A017_S120	anushasanaparva	elision — case ending	vibhakti-lopa	auto	viBakti,lopa	1.1.60;1.3.9;3.4.97;4.1.133;5.3.1;5.4.146;6.4.48;6.4.64;6.4.98;7.2.90	word	adarSanaM lopaH | tasya lopaH | itaSca lopaH parasmEpadezu | Qaki lopaH | prAgdiSo viBaktiH
NIL-146	MBh 13.26.91	P13_U01_A026_S091	anushasanaparva	absence of the num augment	num-abhāva	auto	num	7.1.58	word	idito num DAtoH
NIL-147	MBh 13.92.12	P13_U01_A092_S012	anushasanaparva	absence of saṃprasāraṇa	saṃprasāraṇa-abhāva	auto	saMprasAraRa			
NIL-148	MBh 13.93.98	P13_U01_A093_S098	anushasanaparva	absence of the aṭ augment	aḍ-abhāva	auto	aq	1.4.1;2.1.3;2.2.38;2.3.16;2.4.12;2.4.27;3.3.142;4.1.99;4.1.140;4.2.9	substring	A kaqArAdekA saMjYA | prAk kaqArAt samAsaH | kaqArAH karmaDAraye | namaHsvastisvAhAsvaDAlamvazaqyogAcca | viBAzA vfkzamfgatfRaDAnyavyaYjanapaSuSakunyaSvavaqavapUrvAparADarottarARAm
NIL-149	MBh 13.99.7	P13_U01_A099_S007	anushasanaparva	gender — feminine	strītva	auto	strItva			
NIL-150	MBh 13.110.3	P13_U01_A110_S003	anushasanaparva	transfer — case	vibhakti-vyatyaya	auto	viBakti,vyatyaya	5.3.1	word	prAgdiSo viBaktiH
NIL-151	MBh 13.118.4	P13_U01_A118_S004	anushasanaparva	elision — segment/syllable	varṇa-lopa	auto	varRa,lopa	1.1.60;1.3.9;3.4.97;4.1.133;5.4.146;6.4.48;6.4.64;6.4.98;7.2.90;7.2.113	word	adarSanaM lopaH | tasya lopaH | itaSca lopaH parasmEpadezu | Qaki lopaH | kakudasyAvasTAyAM lopaH
