form	freq	len
प्राप्नोति	1512	10
आक्षेपभाष्यम्	852	13
वक्तव्यम्	764	9
समाधानभाष्यम्	749	13
प्रयोजनम्	729	9
वक्तव्यम्।	707	10
प्राप्नोति।	698	11
कर्तव्यम्	535	9
प्रतिषेधो	503	9
वक्तव्यः।	432	9
कर्तव्यम्।	409	10
प्रयोजनम्।	349	10
भविष्यति।	342	9
प्रतिषेधः	323	9
प्राप्नोति॥	258	11
विज्ञायते	238	9
वार्तिकम्॥	231	10
भविष्यति॥	201	9
विप्रतिषेधेन	193	12
प्रसज्येत	187	9
उपसंख्यानवार्तिकम्	177	18
भवितव्यम्	164	9
क्रियमाणे	152	9
व्याख्याभाष्यम्	143	15
योगविभागः	135	9
वार्तिकम्	133	9
इत्युच्यते	127	10
भवितव्यम्।	119	10
दीर्घत्वं	111	9
उपसंख्यानवार्तिकम्॥	111	19
किमुक्तम्	106	9
समाधानवार्तिकम्	106	15
कर्तव्यः।	104	9
यदप्युच्यते	103	11
प्रसज्येत।	101	10
आचार्यप्रवृत्तिर्ज्ञापयति	97	25
द्विर्वचनं	96	10
समाधानबाधकभाष्यम्	96	17
प्रतिषेधं	93	9
वक्ष्यामि	92	9
सिद्धमेतत्।	92	11
निपात्यते	91	9
उपसंख्यानं	90	10
सिद्धान्तभाष्यम्	89	16
वक्तव्यम्॥	88	10
वार्तिकावतरणभाष्यम्	85	19
उपसंख्यानम्	84	11
प्रत्याक्षेपभाष्यम्	84	19
सिद्धमेतत्	83	10
प्रयोजनभाष्यम्	83	14
समाधानवार्तिकम्॥	83	16
प्रतिषेधे	81	9
विप्रतिषेधेन।	80	13
तज्ज्ञापयत्याचार्यः	73	19
श्लोकवार्तिकम्	73	14
आक्षेपवार्तिकम्	71	15
देवदत्तस्य	70	10
किमर्थमिदमुच्यते	66	16
इत्यत्रापि	63	10
दोषवार्तिकम्	62	12
स्त्रियां	62	9
सिद्ध्यति	61	9
व्याकरणमहाभाष्ये	60	16
प्राप्नुवन्ति	58	13
अक्रियमाणे	57	10
करिष्यते।	57	9
प्रयोजनानि	57	10
प्राप्ते।	57	9
द्विर्वचने	57	10
ह्रस्वत्वं	56	10
बाधिष्यते	55	9
आक्षेपबाधकभाष्यम्	55	17
सिद्धान्तवार्तिकम्॥	55	19
यत्तावदुच्यते	54	13
इत्युच्यते।	54	11
प्राप्नुतः	54	10
आक्षेपवार्तिकम्॥	54	16
गुणवृद्धी	52	9
प्रत्ययलक्षणेन	52	14
विप्रतिषेधे	50	11
प्रश्नभाष्यम्	50	13
संप्रधार्यम्	49	12
कर्तव्यम्॥	49	10
समाधानान्तरभाष्यम्	48	18
पदकृत्यभाष्यम्	48	14
तज्ज्ञापयत्याचार्यो	47	19
संप्रसारणं	47	10
वक्ष्यत्येतत्	46	13
संप्रसारणे	46	10
प्रत्येकं	45	9
कथमनुच्यमानं	45	12
इत्येतद्भवति	45	12
विज्ञायेत	45	9
वक्तव्यमेतत्	44	12
निवृत्तम्	44	9
द्वन्द्वे	44	9
समाधानसाधकभाष्यम्	44	17
विप्रतिषेधः	43	11
किमुदाहरणम्	42	11
किमुच्यते	42	9
